Content,Video title,Video publish time,Duration,Views,Watch time (hours),Subscribers,Impressions,Impressions click-through rate (%)
Total,,,,48104,2965.2749,387,592230,5.93
Y21EjQ0v9W4,The Country That Might Disappear: Guatemala vs Belize,"Oct 27, 2025",657,30368,1958.5634,150,292398,7.66
XbGl1Kcspt4,Guatemala vs Belize Dispute: What 3 ICJ Cases Show,"Dec 4, 2025",668,5601,400.3036,54,44295,9.18
oDK52GwjTIo,Venezuela vs Guyana: The Oil War Over Essequibo,"Oct 19, 2025",633,1967,119.6674,19,36263,4.3
_N_08zn95FY,Turkey Claims 152 Greek Islands. Here's Why.,"Aug 27, 2025",548,973,57.9176,14,22034,3.2
7fpBz6uo504,5 Big Myths About Israel and Palestine Busted!,"Jul 29, 2025",718,643,40.2621,10,11486,3.83
UH2PddfaaR8,How the KGB Weaponized Palestinian Resistance,"Sep 25, 2025",606,580,38.1514,28,4760,7.9
VyPv2n4mii8,Primary Sources Destroy the 'Awesome Crusades' Narrative,"Nov 27, 2025",635,694,32.9256,6,10036,5.47
LO_fUeX9IEQ,JD Vance Claims Christians Found Child Sacrifice. Here's the Evidence.,"Nov 4, 2025",376,1163,32.4094,17,9969,9.41
WgE2FLsDhfk,The Invisible Line Still Dividing Brazil,"Mar 18, 2026",769,794,28.5576,5,19894,3.12
GuL9PtXEjN0,Somaliland's Legal Independence Problem,"Jan 1, 2026",673,455,21.9913,6,6187,4.06
OHWq4jY8iAY,Israel vs Palestine. The Document Everyone Cites and Nobody Reads,"Jul 5, 2026",686,296,17.7721,5,10925,1.6
lFGs5NHMxMw,The Berlin Conference: How Colonial Borders Still Fuel Conflict in Africa,"Mar 12, 2026",547,443,16.5352,7,9485,3.66
l8abBf4aMv8,Why The Sol Invictus Story Is Completely Wrong,"Dec 25, 2025",879,223,12.6252,7,6370,2.48
LCze9B2xpOI,China vs Taiwan. 4 Historical Claims Exposed by Scholars,"Aug 23, 2025",575,257,11.4068,2,7318,2.71
Oc7oq292HkM,Why Trump Walked Back the Armenian Genocide,"Sep 1, 2025",753,200,10.676,4,3572,4.17
zt7VntgauC8,"The Piri Reis Map Cites Columbus. Hancock Calls It 12,000 Years Old","Jun 4, 2026",628,155,8.1364,1,3248,3.85
LuLZYZWMiU4,The Flat Earth Myth Was Invented in 1828. Here's Who Did It.,"Jan 15, 2026",1070,214,8.1278,2,4246,3.65
BNEEAD--Y3c,Fact-Checking Nick Fuentes: Why His Claims Are Dangerous,"Nov 20, 2025",625,187,8.0915,0,3478,3.65
UxsXdUj0EhU,The Hidden Pattern Behind the Armenia Conflict,"Sep 8, 2025",842,115,8.0035,0,1474,4
lPilDVSAeEM,India vs Pakistan. Britain Sold Kashmir for 7.5 Million Rupees,"Aug 14, 2025",629,228,7.7929,2,5610,3.17
BXyT8OTGBBo,Britain Promised the Same Land to Three Different Groups,"Nov 13, 2025",666,104,6.8114,3,3380,2.07
X0dO-aJx-aQ,London's Stock Exchange Funded a Genocide,"Sep 12, 2025",559,140,6.6963,4,980,7.45
 -QG8trhNsoM,Medieval Europe's Hidden Literacy Boom | What Historians Got Wrong,"Dec 18, 2025",645,115,6.2312,2,7475,1.11
QgDJSu0Y5K0,7 Million Landmines Guard a Wall Nobody Talks About,"Oct 16, 2025",667,141,6.1662,2,3413,2.58
JkH4XIHfnJU,The Historical Pattern Nobody Wants to Admit About Trade Wars,"Aug 7, 2025",692,106,5.7326,2,6113,1.01
mCR5f_ZcB5k,"The Hijab Was Never About Modesty. A 3,200-Year-Old Law Proves It","May 20, 2026",689,123,5.5602,6,3354,1.76
n-CUSE4bDvg,Cyprus Is Still Divided. Both Sides Blame the Other,"Sep 21, 2025",556,104,5.2769,2,2889,2.39
imPn_OxLYlk,Vichy France: The Anti-Jewish Law Nobody Translated,"Mar 5, 2026",636,86,4.7692,3,3795,1.13
Yx5oywZs-rk,Stalin Purged His Own Army. Then Hitler Invaded,"Jul 19, 2025",602,64,4.7353,5,1850,2.05
 -kg30uRUY1M,Britain Drew the India–Pakistan Border in 5 Weeks,"Mar 29, 2026",639,124,4.5126,0,3111,1.61
Ac-k2p9Gvj4,"""Ancient Hatreds"" in the Middle East Are a Modern Invention","Jul 24, 2025",568,95,4.3325,1,3051,2.13
HtVIC4dS0e8,Iran vs Its Own Democracy. 120 Years of Failed Revolutions,"Feb 5, 2026",824,75,4.2569,0,1996,3.01
d1Bx3uptNuo,"""Putin Copied Serbia's Playbook. Here's the Original","Sep 18, 2025",731,70,4.2193,1,937,5.02
aSfZtrgGjwA,They Didn't Just Buy Slaves. They Built the System.,"May 28, 2026",667,89,4.0102,2,2923,2.02
yetYD9_VcmM,The Myths of Thermopylae: Fake Quotes & Missing Soldiers,"Apr 11, 2026",670,80,3.8334,0,2654,2.19
sXadwOj8VoA,Honduras Called These Islands British Territory. Then Claimed Them,"Mar 30, 2026",653,51,3.8143,0,508,5.31
6GybGd_q25w,The Colonial Structures Killing Peruvian Protesters in 2023,"Oct 10, 2025",754,52,3.7635,1,1195,2.26
WZnCxVPNF7A,"34,000 People Can't Decide Their Future. One Clause Trapped Them","Feb 26, 2026",845,56,3.578,0,1037,2.41
LrthC_8Hb2Y,China Claims the Entire South China Sea. A Court Ruled It Illegal,"Aug 20, 2025",282,92,3.5353,2,3084,1.78
liW4BSh46DU,America’s Founding Secular Quote Was Never in the Original Text,"Apr 30, 2026",398,67,3.5197,1,985,4.16
FvqALriDCv4,JD Vance vs History: Who Invented Human Rights?,"Nov 8, 2025",685,52,3.517,0,1921,1.51
6SdfqTYPviQ,"1,000 Years of Ukraine: The History Putin Erased","Jul 10, 2025",595,75,3.1731,4,1414,3.39
L5ZIP24-36s,Iran vs the CIA. Two Coups the West Wants You to Forget,"Jan 27, 2026",1216,42,3.0775,1,1266,1.82
2RQWu-cyO90,Was Lagertha Real? DNA Says Female Viking Warriors Existed,"Oct 24, 2025",606,55,2.6001,1,1573,2.29
XKAqt_ZLHGo,Why Egypt and Sudan Both Reject Bir Tawil,"Dec 11, 2025",534,80,2.5574,0,2462,2.36
499YLd1BHZ4,Putin Says NATO Promised Not to Expand. The Documents Disagree.,"Sep 10, 2025",342,52,2.1946,3,1342,2.61
rbsdtveYvv0,The Spanish Inquisition Documented Its Torture Methods. Most People Skip the Documents,"May 14, 2026",469,53,2.1261,0,2258,1.82
ZZz_g_Ov6Lg,"Britain Expelled 2,000 Islanders. The Memo Proves It","Jan 8, 2026",637,29,1.5594,0,781,2.05
TYNaIu28LeU,3 Men Signed 1 Document. The Soviet Union Ceased to Exist,"Jan 29, 2026",291,41,1.2914,0,2739,0.95
Q5Pfv_dPubU,The CIA Document That Proved Operation Condor,"Feb 12, 2026",287,52,1.2484,0,2222,1.53
jLZngVFKWVg,Why France’s 60-Year African Empire Collapsed in Months,"Oct 1, 2025",812,32,1.2103,1,1157,1.82
xODFE2Pyubo,38 Dead Over 4.6 Square Kilometers. Both Sides Blame One Map,"Oct 3, 2025",442,33,0.9585,0,807,2.48
MXvTuHXSf3o,Nigeria vs Cameroon. The Court Chose Paper Over People,"Apr 16, 2026",683,20,0.877,0,669,1.49
71xY0Pt4T-M,Putin Invaded Georgia Before Ukraine. Nobody Stopped Him,"Jul 16, 2025",360,36,0.8674,0,899,3.11
yMAWJcjo_ug,Debunking Begins! Why I Started ‘History vs Hype’,"Jun 27, 2025",478,22,0.8434,1,214,7.48
mg6ujk6rDVE,The $24 Manhattan Myth: A 19th-Century Fraud,"May 8, 2026",601,18,0.8115,0,1727,0.46
P6yalauLDic,The $22 Billion Map Error: Why Mexico’s Island Vanished,"Feb 19, 2026",495,13,0.5792,0,459,0.87
