Date,Views
2025-07-22,5
2025-07-23,17
2025-07-24,6
2025-07-25,9
2025-07-26,25
2025-07-27,15
2025-07-28,9
2025-07-29,14
2025-07-30,11
2025-07-31,6
2025-08-01,5
2025-08-02,35
2025-08-03,84
2025-08-04,43
2025-08-05,15
2025-08-06,12
2025-08-07,51
2025-08-08,25
2025-08-09,28
2025-08-10,36
2025-08-11,14
2025-08-12,11
2025-08-13,16
2025-08-14,24
2025-08-15,10
2025-08-16,10
2025-08-17,163
2025-08-18,20
2025-08-19,4
2025-08-20,26
2025-08-21,13
2025-08-22,5
2025-08-23,64
2025-08-24,147
2025-08-25,64
2025-08-26,58
2025-08-27,58
2025-08-28,250
2025-08-29,239
2025-08-30,36
2025-08-31,75
2025-09-01,93
2025-09-02,19
2025-09-03,45
2025-09-04,25
2025-09-05,26
2025-09-06,31
2025-09-07,18
2025-09-08,60
2025-09-09,40
2025-09-10,42
2025-09-11,36
2025-09-12,43
2025-09-13,59
2025-09-14,43
2025-09-15,24
2025-09-16,44
2025-09-17,20
2025-09-18,18
2025-09-19,7
2025-09-20,11
2025-09-21,37
2025-09-22,25
2025-09-23,11
2025-09-24,7
2025-09-25,22
2025-09-26,30
2025-09-27,35
2025-09-28,37
2025-09-29,20
2025-09-30,14
2025-10-01,8
2025-10-02,23
2025-10-03,21
2025-10-04,12
2025-10-05,10
2025-10-06,4
2025-10-07,7
2025-10-08,5
2025-10-09,13
2025-10-10,12
2025-10-11,10
2025-10-12,14
2025-10-13,8
2025-10-14,4
2025-10-15,23
2025-10-16,14
2025-10-17,21
2025-10-18,6
2025-10-19,148
2025-10-20,650
2025-10-21,631
2025-10-22,232
2025-10-23,56
2025-10-24,66
2025-10-25,63
2025-10-26,39
2025-10-27,54
2025-10-28,73
2025-10-29,68
2025-10-30,112
2025-10-31,27
2025-11-01,24
2025-11-02,38
2025-11-03,37
2025-11-04,475
2025-11-05,509
2025-11-06,74
2025-11-07,64
2025-11-08,62
2025-11-09,73
2025-11-10,66
2025-11-11,53
2025-11-12,44
2025-11-13,81
2025-11-14,74
2025-11-15,77
2025-11-16,154
2025-11-17,106
2025-11-18,206
2025-11-19,232
2025-11-20,201
2025-11-21,281
2025-11-22,414
2025-11-23,766
2025-11-24,1204
2025-11-25,2100
2025-11-26,2636
2025-11-27,2431
2025-11-28,2785
2025-11-29,2872
2025-11-30,2043
2025-12-01,1266
2025-12-02,1070
2025-12-03,1014
2025-12-04,2124
2025-12-05,2653
2025-12-06,1028
2025-12-07,939
2025-12-08,985
2025-12-09,843
2025-12-10,610
2025-12-11,336
2025-12-12,338
2025-12-13,324
2025-12-14,334
2025-12-15,327
2025-12-16,219
2025-12-17,210
2025-12-18,152
2025-12-19,81
2025-12-20,82
2025-12-21,83
2025-12-22,47
2025-12-23,72
2025-12-24,81
2025-12-25,121
2025-12-26,150
2025-12-27,85
2025-12-28,46
2025-12-29,57
2025-12-30,54
2025-12-31,61
2026-01-01,190
2026-01-02,154
2026-01-03,143
2026-01-04,39
2026-01-05,53
2026-01-06,30
2026-01-07,44
2026-01-08,27
2026-01-09,44
2026-01-10,22
2026-01-11,30
2026-01-12,30
2026-01-13,19
2026-01-14,25
2026-01-15,24
2026-01-16,32
2026-01-17,138
2026-01-18,83
2026-01-19,14
2026-01-20,11
2026-01-21,18
2026-01-22,20
2026-01-23,18
2026-01-24,9
2026-01-25,15
2026-01-26,13
2026-01-27,33
2026-01-28,19
2026-01-29,19
2026-01-30,19
2026-01-31,11
2026-02-01,27
2026-02-02,12
2026-02-03,9
2026-02-04,12
2026-02-05,17
2026-02-06,27
2026-02-07,18
2026-02-08,16
2026-02-09,9
2026-02-10,17
2026-02-11,23
2026-02-12,18
2026-02-13,23
2026-02-14,8
2026-02-15,19
2026-02-16,10
2026-02-17,16
2026-02-18,11
2026-02-19,26
2026-02-20,13
2026-02-21,16
2026-02-22,13
2026-02-23,14
2026-02-24,12
2026-02-25,15
2026-02-26,20
2026-02-27,7
2026-02-28,19
2026-03-01,12
2026-03-02,12
2026-03-03,10
2026-03-04,7
2026-03-05,58
2026-03-06,12
2026-03-07,14
2026-03-08,15
2026-03-09,16
2026-03-10,12
2026-03-11,15
2026-03-12,25
2026-03-13,118
2026-03-14,108
2026-03-15,225
2026-03-16,20
2026-03-17,17
2026-03-18,117
2026-03-19,58
2026-03-20,131
2026-03-21,547
2026-03-22,43
2026-03-23,29
2026-03-24,19
2026-03-25,25
2026-03-26,12
2026-03-27,28
2026-03-28,7
2026-03-29,40
2026-03-30,54
2026-03-31,40
2026-04-01,37
2026-04-02,27
2026-04-03,20
2026-04-04,9
2026-04-05,21
2026-04-06,12
2026-04-07,17
2026-04-08,14
2026-04-09,12
2026-04-10,24
2026-04-11,26
2026-04-12,22
2026-04-13,42
2026-04-14,56
2026-04-15,24
2026-04-16,16
2026-04-17,9
2026-04-18,15
2026-04-19,19
2026-04-20,15
2026-04-21,22
2026-04-22,13
2026-04-23,6
2026-04-24,13
2026-04-25,14
2026-04-26,18
2026-04-27,11
2026-04-28,25
2026-04-29,16
2026-04-30,13
2026-05-01,25
2026-05-02,13
2026-05-03,22
2026-05-04,15
2026-05-05,11
2026-05-06,7
2026-05-07,10
2026-05-08,18
2026-05-09,30
2026-05-10,25
2026-05-11,21
2026-05-12,22
2026-05-13,17
2026-05-14,35
2026-05-15,31
2026-05-16,35
2026-05-17,28
2026-05-18,34
2026-05-19,21
2026-05-20,99
2026-05-21,46
2026-05-22,14
2026-05-23,23
2026-05-24,39
2026-05-25,21
2026-05-26,21
2026-05-27,39
2026-05-28,60
2026-05-29,19
2026-05-30,34
2026-05-31,18
2026-06-01,13
2026-06-02,23
2026-06-03,18
2026-06-04,24
2026-06-05,36
2026-06-06,42
2026-06-07,119
2026-06-08,22
2026-06-09,17
2026-06-10,19
2026-06-11,22
2026-06-12,25
2026-06-13,27
2026-06-14,14
2026-06-15,12
2026-06-16,12
2026-06-17,19
2026-06-18,9
2026-06-19,13
2026-06-20,17
2026-06-21,15
2026-06-22,9
2026-06-23,13
2026-06-24,17
2026-06-25,33
2026-06-26,26
2026-06-27,33
2026-06-28,43
2026-06-29,29
2026-06-30,45
2026-07-01,45
2026-07-02,36
2026-07-03,71
2026-07-04,66
2026-07-05,318
2026-07-06,60
2026-07-07,45
2026-07-08,39
2026-07-09,33
2026-07-10,42
2026-07-11,29
2026-07-12,34
2026-07-13,29
2026-07-14,30
2026-07-15,41
2026-07-16,62
2026-07-17,49
2026-07-18,31
2026-07-19,33
2026-07-20,37
2026-07-21,20
