action	folder	filename	new_folder	new_filename	reason
stash-dupe	african-history	AfricaMap-Hertslet-1909-Harrison-and-Sons.pdf	_stash-duplicates	AfricaMap-Hertslet-1909-Harrison-and-Sons.pdf	duplicate of african-history/AfricaTreatyMap-Hertslet-1909-Harrison-and-Sons.pdf (shorter title (9 vs 15 chars))
rename-pub	african-history	AfricanColonialState-Young-1994-Yale-University-Press.pdf	african-history	AfricanColonialState-Young-1994-YaleUP.pdf	publisher slug Yale-University-Press -> YaleUP
rename-pub	african-history	AfricanDominionHistory-Gomez-2018-Princeton.pdf	african-history	AfricanDominionHistory-Gomez-2018-PrincetonUP.pdf	publisher slug Princeton -> PrincetonUP
stash-dupe	african-history	AfricanSahelHandbook-Villalon-2021-Oxford.pdf	_stash-duplicates	AfricanSahelHandbook-Villalon-2021-Oxford.pdf	duplicate of african-history/OxfordHandbookAfricanSahel-Villalon-2021-OxfordUP.pdf (shorter title (20 vs 26 chars))
rename-pub	african-history	AfricansContinentHistory-Iliffe-1995-Cambridge-University-Press.pdf	african-history	AfricansContinentHistory-Iliffe-1995-CambridgeUP.pdf	publisher slug Cambridge-University-Press -> CambridgeUP
rename-pub	african-history	AfricansContinentHistory-Iliffe-2008-Cambridge.pdf	african-history	AfricansContinentHistory-Iliffe-2008-CambridgeUP.pdf	publisher slug Cambridge -> CambridgeUP
rename-pub	african-history	AfricaPost1940History-Cooper-2002-Cambridge-University-Press.pdf	african-history	AfricaPost1940History-Cooper-2002-CambridgeUP.pdf	publisher slug Cambridge-University-Press -> CambridgeUP
stash-dupe	african-history	AfricaPost1940History-Cooper-2002-Cambridge-UP.pdf	_stash-duplicates	AfricaPost1940History-Cooper-2002-Cambridge-UP.pdf	duplicate of african-history/AfricaPost1940History-Cooper-2002-Cambridge-University-Press.pdf (tied; lower score)
stash-dupe	african-history	CameroonNigeriaBorderDispute-Lukong-2011-Langaa-Research-and-Publishing-Common-In.pdf	_stash-duplicates	CameroonNigeriaBorderDispute-Lukong-2011-Langaa-Research-and-Publishing-Common-In.pdf	duplicate of territorial-disputes/CameroonNigeriaBorderDisputeManagementResolut-Lukong-2011-PalgraveMacmillan.pdf (shorter title (28 vs 45 chars))
rename-pub	african-history	CitizenSubjectColonialism-Mamdani-1996-Princeton-University-Press.pdf	african-history	CitizenSubjectColonialism-Mamdani-1996-PrincetonUP.pdf	publisher slug Princeton-University-Press -> PrincetonUP
rename-pub	african-history	ColonialismQuestionHistory-Cooper-2005-Berkeley.pdf	african-history	ColonialismQuestionHistory-Cooper-2005-BerkeleyUP.pdf	publisher slug Berkeley -> BerkeleyUP
rename-pub	african-history	DecolonizationInternationalLaw-Craven-2007-Oxford-University-Press.pdf	african-history	DecolonizationInternationalLaw-Craven-2007-OxfordUP.pdf	publisher slug Oxford-University-Press -> OxfordUP
stash-dupe	african-history	ImperialismSovereigntyInternationalLaw-Anghie-2005-Unknown.pdf	_stash-duplicates	ImperialismSovereigntyInternationalLaw-Anghie-2005-Unknown.pdf	duplicate of colonialism-slavery/ImperialismSovereigntyInternationalLaw-Anghie-2005-Cambridge-University-Press.pdf (loser-publisher=Unknown)
stash-dupe	african-history	ModernSomaliHistory-Lewis-2002-James-Currey.pdf	_stash-duplicates	ModernSomaliHistory-Lewis-2002-James-Currey.pdf	duplicate of african-history/ModernHistoryOfTheSomali-Lewis-2002-ITauris.pdf (shorter title (19 vs 24 chars))
rename-pub	african-history	NeitherSettlerNativeMinorities-Mamdani-2020-Harvard-University-Press.pdf	african-history	NeitherSettlerNativeMinorities-Mamdani-2020-HarvardUP.pdf	publisher slug Harvard-University-Press -> HarvardUP
rename-pub	african-history	OttomanScrambleAfrica-Minawi-2016-Stanford-University-Press.pdf	african-history	OttomanScrambleAfrica-Minawi-2016-StanfordUP.pdf	publisher slug Stanford-University-Press -> StanfordUP
stash-dupe	african-history	PostcolonialStateAfrica-Young-2012-Indiana-University-Press.pdf	_stash-duplicates	PostcolonialStateAfrica-Young-2012-Indiana-University-Press.pdf	duplicate of colonialism-slavery/PostcolonialStateAfricaIndependence-Young-2012-Indiana-UP.pdf (shorter title (23 vs 35 chars))
rename-pub	african-history	ScrambleForAfrica-Harlow-2003-Duke-University-Press.pdf	african-history	ScrambleForAfrica-Harlow-2003-DukeUP.pdf	publisher slug Duke-University-Press -> DukeUP
rename-pub	african-history	ScrambleForAfrica-Pakenham-1991-Random-House.pdf	african-history	ScrambleForAfrica-Pakenham-1991-RandomHouse.pdf	publisher slug Random-House -> RandomHouse
rename-pub	african-history	SomaliaSomalilandHistory-Lewis-2008-Indiana-University-Press.pdf	african-history	SomaliaSomalilandHistory-Lewis-2008-IndianaUP.pdf	publisher slug Indiana-University-Press -> IndianaUP
rename-pub	african-history	SomalilandHistory-Prunier-2021-Oxford-University-Press.pdf	african-history	SomalilandHistory-Prunier-2021-OxfordUP.pdf	publisher slug Oxford-University-Press -> OxfordUP
rename-pub	african-history	StatesPowerAfrica-Herbst-2014-Princeton-University-Press.pdf	african-history	StatesPowerAfrica-Herbst-2014-PrincetonUP.pdf	publisher slug Princeton-University-Press -> PrincetonUP
stash-dupe	colonialism-slavery	AbolitionHistorySlavery-Drescher-2009-OxfordUP.pdf	_stash-duplicates	AbolitionHistorySlavery-Drescher-2009-OxfordUP.pdf	duplicate of colonialism-slavery/AbolitionHistorySlaveryAntislavery-Drescher-2009-Oxford-UP.pdf (shorter title (23 vs 34 chars))
rename-pub	colonialism-slavery	AbolitionHistorySlaveryAntislavery-Drescher-2009-Oxford-UP.pdf	colonialism-slavery	AbolitionHistorySlaveryAntislavery-Drescher-2009-OxfordUP.pdf	publisher slug Oxford-UP -> OxfordUP
stash-dupe	colonialism-slavery	AbolitionHistorySlaveryAntislavery-Drescher-2009-OxfordUP.pdf	_stash-duplicates	AbolitionHistorySlaveryAntislavery-Drescher-2009-OxfordUP.pdf	duplicate of colonialism-slavery/AbolitionHistorySlaveryAntislavery-Drescher-2009-Oxford-UP.pdf (tied; lower score)
stash-dupe	colonialism-slavery	AfricasLastColonialCurrency-Pigeaud-2021-OxfordUP.pdf	_stash-duplicates	AfricasLastColonialCurrency-Pigeaud-2021-OxfordUP.pdf	duplicate of colonialism-slavery/AfricasLastColonialCurrencyCFA-Pigeaud-2021-Pluto-Press.pdf (shorter title (27 vs 30 chars))
rename-pub	colonialism-slavery	AfricasLastColonialCurrencyCFA-Pigeaud-2021-Pluto-Press.pdf	colonialism-slavery	AfricasLastColonialCurrencyCFA-Pigeaud-2021-PlutoPress.pdf	publisher slug Pluto-Press -> PlutoPress
stash-dupe	colonialism-slavery	AfterAbolition-Sherwood-2007-OxfordUP.pdf	_stash-duplicates	AfterAbolition-Sherwood-2007-OxfordUP.pdf	duplicate of colonialism-slavery/AfterAbolitionBritainSlaveTrade-Sherwood-2007-Liverpool-UP.pdf (shorter title (14 vs 31 chars))
rename-pub	colonialism-slavery	AfterAbolitionBritainSlaveTrade-Sherwood-2007-Liverpool-UP.pdf	colonialism-slavery	AfterAbolitionBritainSlaveTrade-Sherwood-2007-LiverpoolUP.pdf	publisher slug Liverpool-UP -> LiverpoolUP
stash-dupe	colonialism-slavery	AfterAbolitionBritainSlaveTrade-Sherwood-2007-OxfordUP.pdf	_stash-duplicates	AfterAbolitionBritainSlaveTrade-Sherwood-2007-OxfordUP.pdf	duplicate of colonialism-slavery/AfterAbolitionBritainSlaveTrade-Sherwood-2007-Liverpool-UP.pdf (tied; lower score)
rename-pub	colonialism-slavery	BelizeIndependenceDecolonizationLatinAme-Shoman-1990-Palgrave-Macmillan.pdf	colonialism-slavery	BelizeIndependenceDecolonizationLatinAme-Shoman-1990-Palgrave.pdf	publisher slug Palgrave-Macmillan -> Palgrave
rename-pub	colonialism-slavery	BodyConquistadorColonialExperience-Earle-2012-Cambridge.pdf	colonialism-slavery	BodyConquistadorColonialExperience-Earle-2012-CambridgeUP.pdf	publisher slug Cambridge -> CambridgeUP
rename-pub	colonialism-slavery	BornDieDiseaseNewWorldConquest-Cook-1998-Cambridge-UP.pdf	colonialism-slavery	BornDieDiseaseNewWorldConquest-Cook-1998-CambridgeUP.pdf	publisher slug Cambridge-UP -> CambridgeUP
rename-pub	colonialism-slavery	BusinessAbolishingBritishSlaveTrade-Jennings-1997-Pennsylvania-UP.pdf	colonialism-slavery	BusinessAbolishingBritishSlaveTrade-Jennings-1997-PennUP.pdf	publisher slug Pennsylvania-UP -> PennUP
stash-dupe	colonialism-slavery	BusinessAbolishingBritishSlaveTrade-Jennings-1997-YaleUP.pdf	_stash-duplicates	BusinessAbolishingBritishSlaveTrade-Jennings-1997-YaleUP.pdf	duplicate of colonialism-slavery/BusinessAbolishingBritishSlaveTrade-Jennings-1997-Pennsylvania-UP.pdf (tied; lower score)
rename-pub	colonialism-slavery	ByzantiumEarlyIslamicConquests-Kaegi-1992-Cambridge-UP.pdf	colonialism-slavery	ByzantiumEarlyIslamicConquests-Kaegi-1992-CambridgeUP.pdf	publisher slug Cambridge-UP -> CambridgeUP
rename-pub	colonialism-slavery	CambridgeWorldHistorySlavery-Eltis-2011-Cambridge-UP.pdf	colonialism-slavery	CambridgeWorldHistorySlavery-Eltis-2011-CambridgeUP.pdf	publisher slug Cambridge-UP -> CambridgeUP
stash-dupe	colonialism-slavery	CambridgeWorldHistorySlavery-Eltis-2011-Cambridge.pdf	_stash-duplicates	CambridgeWorldHistorySlavery-Eltis-2011-Cambridge.pdf	duplicate of colonialism-slavery/CambridgeWorldHistorySlavery-Eltis-2011-Cambridge-UP.pdf (tied; lower score)
rename-pub	colonialism-slavery	CeremoniesPossessionEuropeConquest-Seed-1995-Cambridge-UP.pdf	colonialism-slavery	CeremoniesPossessionEuropeConquest-Seed-1995-CambridgeUP.pdf	publisher slug Cambridge-UP -> CambridgeUP
stash-dupe	colonialism-slavery	ColonialityPowerPostcolonialAfrica-Ndlovu-Gatsheni-2013-CODESRIA.pdf	_stash-duplicates	ColonialityPowerPostcolonialAfrica-Ndlovu-Gatsheni-2013-CODESRIA.pdf	duplicate of african-history/ColonialityPowerPostcolonialAfrica-Ndlovu-Gatsheni-2013-CODESRIA.pdf (tied; lower score)
rename-pub	colonialism-slavery	ColonialMitaCausePopulationCollapsePeru-Carpio-2021-CambridgeUniversityPress.pdf	colonialism-slavery	ColonialMitaCausePopulationCollapsePeru-Carpio-2021-CambridgeUP.pdf	publisher slug CambridgeUniversityPress -> CambridgeUP
stash-dupe	colonialism-slavery	ConflictedColonialismsMultiDimensionalViolenc-MCGIFFIN-2021-Taylor&FrancisGroup.pdf	_stash-duplicates	ConflictedColonialismsMultiDimensionalViolenc-MCGIFFIN-2021-Taylor&FrancisGroup.pdf	duplicate of african-history/ConflictedColonialismsMultiDimensionalViolenc-MCGIFFIN-2021-Taylor&FrancisGroup.pdf (tied; lower score)
stash-dupe	colonialism-slavery	ConflictedColonialismsMultiDimensionalViolenc-McGiffin-2022-Routledge.pdf	_stash-duplicates	ConflictedColonialismsMultiDimensionalViolenc-McGiffin-2022-Routledge.pdf	duplicate of african-history/ConflictedColonialismsMultiDimensionalViolenc-McGiffin-2022-Routledge.pdf (tied; lower score)
stash-dupe	colonialism-slavery	ConquestAmerica-Todorov-1984-HarperCollins.pdf	_stash-duplicates	ConquestAmerica-Todorov-1984-HarperCollins.pdf	duplicate of colonialism-slavery/ConquestAmericaQuestionOther-Todorov-1984-Harper.pdf (shorter title (15 vs 28 chars))
stash-dupe	colonialism-slavery	DecolonisingMind-Thiongo-1986-OxfordUP.pdf	_stash-duplicates	DecolonisingMind-Thiongo-1986-OxfordUP.pdf	duplicate of african-history/DecolonisingMindAfricanLiterature-Thiongo-1986-Heinemann.pdf (shorter title (16 vs 33 chars))
rename-pub	colonialism-slavery	DiscoveringIndigenousLandsDoctrine-Miller-2012-Oxford-UP.pdf	colonialism-slavery	DiscoveringIndigenousLandsDoctrine-Miller-2012-OxfordUP.pdf	publisher slug Oxford-UP -> OxfordUP
rename-pub	colonialism-slavery	EarlyBrazilDocumentaryCollection-Schwartz-1997-Cambridge-UP.pdf	colonialism-slavery	EarlyBrazilDocumentaryCollection-Schwartz-1997-CambridgeUP.pdf	publisher slug Cambridge-UP -> CambridgeUP
rename-pub	colonialism-slavery	EarlyIslamicConquests-Donner-1981-Princeton-UP.pdf	colonialism-slavery	EarlyIslamicConquests-Donner-1981-PrincetonUP.pdf	publisher slug Princeton-UP -> PrincetonUP
stash-dupe	colonialism-slavery	EndEmpireFrenchWestAfrica-Chafer-2002-OxfordUP.pdf	_stash-duplicates	EndEmpireFrenchWestAfrica-Chafer-2002-OxfordUP.pdf	duplicate of african-history/FrenchWestAfricaDecolonization-Chafer-2002-Berg-Publishers.pdf (shorter title (25 vs 30 chars))
stash-dupe	colonialism-slavery	FormationColonialSociety-Bolland-1977-CambridgeUP.pdf	_stash-duplicates	FormationColonialSociety-Bolland-1977-CambridgeUP.pdf	duplicate of territorial-disputes/FormationColonialSocietyBelizeFromConquest-Bolland-1977-JohnsHopkinsUP.pdf (shorter title (24 vs 42 chars))
rename-pub	colonialism-slavery	FormationColonialSocietyBelize-Bolland-2003-Johns-Hopkins-UP.pdf	colonialism-slavery	FormationColonialSocietyBelize-Bolland-2003-JohnsHopkinsUP.pdf	publisher slug Johns-Hopkins-UP -> JohnsHopkinsUP
rename-pub	colonialism-slavery	GuamanPomaWritingResistance-Adorno-1986-Syracuse-UP.pdf	colonialism-slavery	GuamanPomaWritingResistance-Adorno-1986-SyracuseUP.pdf	publisher slug Syracuse-UP -> SyracuseUP
rename-pub	colonialism-slavery	GuardiansLeagueNationsCrisisEmpire-Pedersen-2012-Oxford-UP.pdf	colonialism-slavery	GuardiansLeagueNationsCrisisEmpire-Pedersen-2012-OxfordUP.pdf	publisher slug Oxford-UP -> OxfordUP
rename-pub	colonialism-slavery	ImperialismSovereigntyInternationalLaw-Anghie-2005-Cambridge-University-Press.pdf	colonialism-slavery	ImperialismSovereigntyInternationalLaw-Anghie-2005-CambridgeUP.pdf	publisher slug Cambridge-University-Press -> CambridgeUP
rename-pub	colonialism-slavery	InhumanBondageRiseFallSlavery-Davis-2006-Oxford-UP.pdf	colonialism-slavery	InhumanBondageRiseFallSlavery-Davis-2006-OxfordUP.pdf	publisher slug Oxford-UP -> OxfordUP
stash-dupe	colonialism-slavery	InhumanBondageRiseFallSlavery-Davis-2006-OxfordUP.pdf	_stash-duplicates	InhumanBondageRiseFallSlavery-Davis-2006-OxfordUP.pdf	duplicate of colonialism-slavery/InhumanBondageRiseFallSlavery-Davis-2006-Oxford-UP.pdf (tied; lower score)
rename-pub	colonialism-slavery	IslandCenterWorld-Shorto-2004-Random-House.pdf	colonialism-slavery	IslandCenterWorld-Shorto-2004-RandomHouse.pdf	publisher slug Random-House -> RandomHouse
rename-pub	colonialism-slavery	KissingerLatinAmericaIntervention-Kissinger-2021-Cornell.pdf	colonialism-slavery	KissingerLatinAmericaIntervention-Kissinger-2021-CornellUP.pdf	publisher slug Cornell -> CornellUP
stash-dupe	colonialism-slavery	LenapeCountryDelawareValley-Soderlund-2007-Unknown.pdf	_stash-duplicates	LenapeCountryDelawareValley-Soderlund-2007-Unknown.pdf	duplicate of general-history/LenapeCountryDelawareValley-Soderlund-2007-University-of-Pennsylvania-Press.pdf (loser-publisher=Unknown)
stash-dupe	colonialism-slavery	LordsOfAllWorldIdeologiesEmpire-Pagden-1995-Unknown.pdf	_stash-duplicates	LordsOfAllWorldIdeologiesEmpire-Pagden-1995-Unknown.pdf	duplicate of general-history/LordsWorldEmpireIdeologies-Pagden-1995-Yale-UP.pdf (loser-publisher=Unknown)
rename-pub	colonialism-slavery	MarriageSlaveryEarlyIslam-Ali-2010-Harvard-UP.pdf	colonialism-slavery	MarriageSlaveryEarlyIslam-Ali-2010-HarvardUP.pdf	publisher slug Harvard-UP -> HarvardUP
stash-dupe	colonialism-slavery	NewYorkHistoricalManuscriptsDutch-Gehring-1980-Unknown.pdf	_stash-duplicates	NewYorkHistoricalManuscriptsDutch-Gehring-1980-Unknown.pdf	duplicate of colonialism-slavery/NewYorkHistoricalManuscriptsDutchLandPapers-Gehring-1980-HollandSocietyNY.pdf (loser-publisher=Unknown; shorter title (33 vs 43 chars))
stash-dupe	colonialism-slavery	OtherSlavery-Reséndez-2016-OxfordUP.pdf	_stash-duplicates	OtherSlavery-Reséndez-2016-OxfordUP.pdf	duplicate of colonialism-slavery/OtherSlaveryIndianEnslavement-Reséndez-2016-OxfordUP.pdf (shorter title (12 vs 29 chars))
stash-dupe	colonialism-slavery	OtherSlaveryUncoveredStory-Reséndez-2016-Houghton-Mifflin.pdf	_stash-duplicates	OtherSlaveryUncoveredStory-Reséndez-2016-Houghton-Mifflin.pdf	duplicate of colonialism-slavery/OtherSlaveryIndianEnslavement-Reséndez-2016-OxfordUP.pdf (shorter title (26 vs 29 chars))
stash-dupe	colonialism-slavery	OurTimeRaceModernityGuatemala-Gibbings-2020-Cambridge-University-Press.pdf	_stash-duplicates	OurTimeRaceModernityGuatemala-Gibbings-2020-Cambridge-University-Press.pdf	duplicate of territorial-disputes/OurTimeIsNowRaceModernityPostcolonialGuatemal-Gibbings-2020-CambridgeUP.pdf (shorter title (29 vs 45 chars))
stash-dupe	colonialism-slavery	OurTimeRaceModernityGuatemala-Gibbings-2020-PalgraveMacmillan.pdf	_stash-duplicates	OurTimeRaceModernityGuatemala-Gibbings-2020-PalgraveMacmillan.pdf	duplicate of territorial-disputes/OurTimeIsNowRaceModernityPostcolonialGuatemal-Gibbings-2020-CambridgeUP.pdf (shorter title (29 vs 45 chars))
stash-dupe	colonialism-slavery	PiratesBarbaryCorsairsCaptivity-Tinniswood-2010-Unknown.pdf	_stash-duplicates	PiratesBarbaryCorsairsCaptivity-Tinniswood-2010-Unknown.pdf	duplicate of general-history/PiratesBarbaryCorsairs-Tinniswood-2010-Riverhead.pdf (loser-publisher=Unknown)
stash-dupe	colonialism-slavery	PostcolonialStateAfrica-Young-2012-OxfordUP.pdf	_stash-duplicates	PostcolonialStateAfrica-Young-2012-OxfordUP.pdf	duplicate of colonialism-slavery/PostcolonialStateAfricaIndependence-Young-2012-Indiana-UP.pdf (shorter title (23 vs 35 chars))
rename-pub	colonialism-slavery	PostcolonialStateAfricaIndependence-Young-2012-Indiana-UP.pdf	colonialism-slavery	PostcolonialStateAfricaIndependence-Young-2012-IndianaUP.pdf	publisher slug Indiana-UP -> IndianaUP
rename-pub	colonialism-slavery	PredatoryStatesOperationCondor-McSherry-2005-PalgraveMacmillan.pdf	colonialism-slavery	PredatoryStatesOperationCondor-McSherry-2005-Palgrave.pdf	publisher slug PalgraveMacmillan -> Palgrave
rename-pub	colonialism-slavery	SecretScienceSpanishCosmography-Portuondo-2009-Chicago-UP.pdf	colonialism-slavery	SecretScienceSpanishCosmography-Portuondo-2009-ChicagoUP.pdf	publisher slug Chicago-UP -> ChicagoUP
rename-pub	colonialism-slavery	SettlerColonialismTwentiethCentury-Pedersen-2012-Oxford-UP.pdf	colonialism-slavery	SettlerColonialismTwentiethCentury-Pedersen-2012-OxfordUP.pdf	publisher slug Oxford-UP -> OxfordUP
rename-pub	colonialism-slavery	SevenMythsSpanishConquest-Restall-2003-Oxford-UP.pdf	colonialism-slavery	SevenMythsSpanishConquest-Restall-2003-OxfordUP.pdf	publisher slug Oxford-UP -> OxfordUP
rename-pub	colonialism-slavery	SovereigntySocietyColonialBrazil-Schwartz-1997-Cambridge-UP.pdf	colonialism-slavery	SovereigntySocietyColonialBrazil-Schwartz-1997-CambridgeUP.pdf	publisher slug Cambridge-UP -> CambridgeUP
stash-dupe	colonialism-slavery	StatementOnTheDoctrineOfDiscovery-Vatican-2023-Unknown.pdf	_stash-duplicates	StatementOnTheDoctrineOfDiscovery-Vatican-2023-Unknown.pdf	duplicate of colonialism-slavery/VaticanStatementRepudiatingTheDoctrineOfDisco-Vatican-2023-Unknown.pdf (shorter title (33 vs 45 chars))
stash-dupe	colonialism-slavery	UtilitiesOfForceInAPostcolonialContext-Bertrand-2023-Routledge-v2.pdf	_stash-duplicates	UtilitiesOfForceInAPostcolonialContext-Bertrand-2023-Routledge-v2.pdf	duplicate of colonialism-slavery/UtilitiesOfForceInAPostcolonialContext-Bertrand-2023-Routledge.pdf (-v2 suffix)
stash-dupe	colonialism-slavery	UtilitiesOfForceInAPostcolonialContext-Bertrand-2023-Routledge-v3.pdf	_stash-duplicates	UtilitiesOfForceInAPostcolonialContext-Bertrand-2023-Routledge-v3.pdf	duplicate of colonialism-slavery/UtilitiesOfForceInAPostcolonialContext-Bertrand-2023-Routledge.pdf (-v3 suffix)
stash-dupe	colonialism-slavery	VaticanRepudiatesTheDoctrineOfDiscovery-Vatican-2023-Unknown.pdf	_stash-duplicates	VaticanRepudiatesTheDoctrineOfDiscovery-Vatican-2023-Unknown.pdf	duplicate of colonialism-slavery/VaticanStatementRepudiatingTheDoctrineOfDisco-Vatican-2023-Unknown.pdf (shorter title (39 vs 45 chars))
stash-dupe	colonialism-slavery	YoungTurksCrimeArmenianGenocide-Akçam-2012-PrincetonUP.pdf	_stash-duplicates	YoungTurksCrimeArmenianGenocide-Akçam-2012-PrincetonUP.pdf	duplicate of territorial-disputes/YoungTurksCrimeAgainstHumanityArmenianGenocid-Akçam-2012-PrincetonUP.pdf (shorter title (31 vs 45 chars))
rename-pub	crusades-christianity	AgeJihad-Cockburn-2016-Verso-Books.pdf	crusades-christianity	AgeJihad-Cockburn-2016-Verso.pdf	publisher slug Verso-Books -> Verso
rename-pub	crusades-christianity	AlienatedJewsMedievalEurope-Stow-1992-Harvard-University-Press.pdf	crusades-christianity	AlienatedJewsMedievalEurope-Stow-1992-HarvardUP.pdf	publisher slug Harvard-University-Press -> HarvardUP
rename-pub	crusades-christianity	AnatomyTorture-Hassner-2022-Cornell-University-Press.pdf	crusades-christianity	AnatomyTorture-Hassner-2022-CornellUP.pdf	publisher slug Cornell-University-Press -> CornellUP
rename-pub	crusades-christianity	BookContemplation-Munqidh-2000-Penguin-Books.pdf	crusades-christianity	BookContemplation-Munqidh-2000-Penguin.pdf	publisher slug Penguin-Books -> Penguin
rename-pub	crusades-christianity	ByzantineStateSociety-Treadgold-1997-Stanford-University-Press.pdf	crusades-christianity	ByzantineStateSociety-Treadgold-1997-StanfordUP.pdf	publisher slug Stanford-University-Press -> StanfordUP
stash-dupe	crusades-christianity	ByzantineStateSociety-Treadgold-1997-Stanford.pdf	_stash-duplicates	ByzantineStateSociety-Treadgold-1997-Stanford.pdf	duplicate of crusades-christianity/ByzantineStateSociety-Treadgold-1997-Stanford-University-Press.pdf (tied; lower score)
rename-pub	crusades-christianity	ChristianHumanRights-Moyn-2015-University-of-Pennsylvania-Press.pdf	crusades-christianity	ChristianHumanRights-Moyn-2015-PennUP.pdf	publisher slug University-of-Pennsylvania-Press -> PennUP
rename-pub	crusades-christianity	ChristianJewishRelations-Abulafia-2011-Cambridge-University-Press.pdf	crusades-christianity	ChristianJewishRelations-Abulafia-2011-CambridgeUP.pdf	publisher slug Cambridge-University-Press -> CambridgeUP
rename-pub	crusades-christianity	ChristianJewishRelations-Abulafia-2024-Cambridge-University-Press.pdf	crusades-christianity	ChristianJewishRelations-Abulafia-2024-CambridgeUP.pdf	publisher slug Cambridge-University-Press -> CambridgeUP
rename-pub	crusades-christianity	ChristianMartyrsIslam-Sahner-2018-Princeton-University-Press.pdf	crusades-christianity	ChristianMartyrsIslam-Sahner-2018-PrincetonUP.pdf	publisher slug Princeton-University-Press -> PrincetonUP
rename-pub	crusades-christianity	Cockburn--Patrick-The-age-of-jihad-Islamic-State-and-the-great-war-for-the-Middle-East--2016--Verso-.pdf	crusades-christianity	Cockburn--Patrick-The-age-of-jihad-Islamic-State-and-the-great-war-for-the-Middle-East--2016-Verso.pdf	publisher slug -Verso- -> Verso
rename-pub	crusades-christianity	CrusadesIslamicPerspectives-Hillenbrand-1999-New-York-University-Press.pdf	crusades-christianity	CrusadesIslamicPerspectives-Hillenbrand-1999-NYUP.pdf	publisher slug New-York-University-Press -> NYUP
rename-pub	crusades-christianity	CyprusProblemReview-Faustmann-1974-Oxford.pdf	crusades-christianity	CyprusProblemReview-Faustmann-1974-OxfordUP.pdf	publisher slug Oxford -> OxfordUP
rename-pub	crusades-christianity	DamascusChronicleCrusades-al-Qalanisi-1932-Columbia-University-Press.pdf	crusades-christianity	DamascusChronicleCrusades-al-Qalanisi-1932-ColumbiaUP.pdf	publisher slug Columbia-University-Press -> ColumbiaUP
rename-pub	crusades-christianity	DamascusChronicleCrusades-Ibn-1932-Columbia-University-Press.pdf	crusades-christianity	DamascusChronicleCrusades-Ibn-1932-ColumbiaUP.pdf	publisher slug Columbia-University-Press -> ColumbiaUP
stash-dupe	crusades-christianity	EarlyIslamicConquests-Donner-1981-Princeton-University-Press.pdf	_stash-duplicates	EarlyIslamicConquests-Donner-1981-Princeton-University-Press.pdf	duplicate of colonialism-slavery/EarlyIslamicConquests-Donner-1981-Princeton-UP.pdf (tied; lower score)
rename-pub	crusades-christianity	FirstCrusadeEyewitnessAccounts-Krey-1921-Princeton-University-Press.pdf	crusades-christianity	FirstCrusadeEyewitnessAccounts-Krey-1921-PrincetonUP.pdf	publisher slug Princeton-University-Press -> PrincetonUP
rename-pub	crusades-christianity	Inquisition-Peters-1988-University-of-California-Press.pdf	crusades-christianity	Inquisition-Peters-1988-UCalifUP.pdf	publisher slug University-of-California-Press -> UCalifUP
rename-pub	crusades-christianity	JihadIslamicHistory-Bonner-2008-Princeton-University-Press.pdf	crusades-christianity	JihadIslamicHistory-Bonner-2008-PrincetonUP.pdf	publisher slug Princeton-University-Press -> PrincetonUP
stash-dupe	crusades-christianity	JihadIslamicHistory-Bonner-2008-Princeton.pdf	_stash-duplicates	JihadIslamicHistory-Bonner-2008-Princeton.pdf	duplicate of crusades-christianity/JihadIslamicHistory-Bonner-2008-Princeton-University-Press.pdf (tied; lower score)
rename-pub	crusades-christianity	Rubenstein--Jay-Armies-of-Heaven-The-First-Crusade-and-the-Quest-for-Apocalypse--2011--Basic-Books--.pdf	crusades-christianity	Rubenstein--Jay-Armies-of-Heaven-The-First-Crusade-and-the-Quest-for-Apocalypse--2011-Basic.pdf	publisher slug -Basic-Books-- -> Basic
rename-pub	crusades-christianity	SpanishInquisition-Rawlings-2006-Blackwell-Publishing.pdf	crusades-christianity	SpanishInquisition-Rawlings-2006-Blackwell.pdf	publisher slug Blackwell-Publishing -> Blackwell
rename-pub	crusades-christianity	TheCrusades-Hillenbrand-1999-New-York-University-Press.pdf	crusades-christianity	TheCrusades-Hillenbrand-1999-NYUP.pdf	publisher slug New-York-University-Press -> NYUP
rename-pub	crusades-christianity	TheFirstCrusade-Krey-1921-Princeton-University-Press.pdf	crusades-christianity	TheFirstCrusade-Krey-1921-PrincetonUP.pdf	publisher slug Princeton-University-Press -> PrincetonUP
rename-pub	general-history	AfricaBiographyContinent-Reader-1999-Penguin-Books.pdf	general-history	AfricaBiographyContinent-Reader-1999-Penguin.pdf	publisher slug Penguin-Books -> Penguin
stash-dupe	general-history	AgeOfJihadIslamicState-Cockburn-2016-Verso-Books.pdf	_stash-duplicates	AgeOfJihadIslamicState-Cockburn-2016-Verso-Books.pdf	duplicate of crusades-christianity/AgeJihad-Cockburn-2016-Verso-Books.pdf (misfiled in general-history (winner: crusades-christianity))
rename-pub	general-history	AhnenerbeSS-Kater-2009-VersoBooks.pdf	general-history	AhnenerbeSS-Kater-2009-Verso.pdf	publisher slug VersoBooks -> Verso
rename-pub	general-history	AlienatedMinorityJewsMedievalEurope-Stow-1998-Harvard.pdf	general-history	AlienatedMinorityJewsMedievalEurope-Stow-1998-HarvardUP.pdf	publisher slug Harvard -> HarvardUP
stash-dupe	general-history	AmericanDialogue-Ellis-2018-OxfordUP.pdf	_stash-duplicates	AmericanDialogue-Ellis-2018-OxfordUP.pdf	duplicate of general-history/AmericanDialogueFoundersAnd-Ellis-2018-KnopfDoubleday.pdf (shorter title (16 vs 27 chars))
stash-dupe	general-history	AmericanHolocaust-Stannard-1992-OxfordUP.pdf	_stash-duplicates	AmericanHolocaust-Stannard-1992-OxfordUP.pdf	duplicate of colonialism-slavery/AmericanHolocaust-Stannard-1992-OxfordUP.pdf (misfiled in general-history (winner: colonialism-slavery))
rename-pub	general-history	AmericanIndianLegalThought-Williams-1990-Oxford-UP.pdf	general-history	AmericanIndianLegalThought-Williams-1990-OxfordUP.pdf	publisher slug Oxford-UP -> OxfordUP
stash-dupe	general-history	AmericanScriptureMakingDeclaration-Maier-1997-Knopf.pdf	_stash-duplicates	AmericanScriptureMakingDeclaration-Maier-1997-Knopf.pdf	duplicate of general-history/AmericanScriptureDeclarationIndependence-Maier-1997-OxfordUP.pdf (shorter title (34 vs 40 chars))
rename-pub	general-history	AmsterdamAHistoryWorldsMost-Shorto-2004-Random-House.pdf	general-history	AmsterdamAHistoryWorldsMost-Shorto-2004-RandomHouse.pdf	publisher slug Random-House -> RandomHouse
rename-pub	general-history	AmsterdamHistoryWorldsMost-Shorto-2004-Random-House.epub	general-history	AmsterdamHistoryWorldsMost-Shorto-2004-RandomHouse.epub	publisher slug Random-House -> RandomHouse
stash-dupe	general-history	AnatomyAuschwitzDeathCamp-Gutman-1994-Unknown.pdf	_stash-duplicates	AnatomyAuschwitzDeathCamp-Gutman-1994-Unknown.pdf	duplicate of reference-methodology/AuschwitzDeathCampAnatomy-Gutman-1994-Indiana-University-Press.pdf (loser-publisher=Unknown; misfiled in general-history (winner: reference-methodology))
rename-pub	general-history	AncientLiteracy-Harris-1989-Harvard-UP.pdf	general-history	AncientLiteracy-Harris-1989-HarvardUP.pdf	publisher slug Harvard-UP -> HarvardUP
stash-dupe	general-history	AndeanWorlds-Andrien-2001-CambridgeUP.pdf	_stash-duplicates	AndeanWorlds-Andrien-2001-CambridgeUP.pdf	duplicate of colonialism-slavery/AndeanWorldsSpanishRule-Andrien-2001-CambridgeUP.pdf (misfiled in general-history (winner: colonialism-slavery); shorter title (12 vs 23 chars))
rename-pub	general-history	ArchaeologyChildhoodHandbook-Crawford-2018-Oxford.pdf	general-history	ArchaeologyChildhoodHandbook-Crawford-2018-OxfordUP.pdf	publisher slug Oxford -> OxfordUP
rename-pub	general-history	ArchaeologyChildhoodHandbook-Shepherd-2007-Oxford-University-Press.pdf	general-history	ArchaeologyChildhoodHandbook-Shepherd-2007-OxfordUP.pdf	publisher slug Oxford-University-Press -> OxfordUP
stash-dupe	general-history	ArchaeologyOfAncientReligionEasternWoodlands-Brown-2003-Unknown.pdf	_stash-duplicates	ArchaeologyOfAncientReligionEasternWoodlands-Brown-2003-Unknown.pdf	duplicate of reference-methodology/ArchaeologyAncientReligionEasternWoodlands-Brown-2003-AnnualReviewOfAnthropology.pdf (loser-publisher=Unknown; misfiled in general-history (winner: reference-methodology))
stash-dupe	general-history	ArmiesHeaven-Rubenstein-2011-BasicBooks.pdf	_stash-duplicates	ArmiesHeaven-Rubenstein-2011-BasicBooks.pdf	duplicate of reference-methodology/ArmiesHeavenFirstCrusadeApocalypse-Rubenstein-2011-Basic-Books.pdf (misfiled in general-history (winner: reference-methodology); shorter title (12 vs 34 chars))
rename-pub	general-history	AwakeningAshesIntellectualHistory-Daut-2015-Harvard-UP.epub	general-history	AwakeningAshesIntellectualHistory-Daut-2015-HarvardUP.epub	publisher slug Harvard-UP -> HarvardUP
rename-pub	general-history	AwakeningAshesIntellectualHistory-Daut-2015-Harvard-UP.pdf	general-history	AwakeningAshesIntellectualHistory-Daut-2015-HarvardUP.pdf	publisher slug Harvard-UP -> HarvardUP
rename-pub	general-history	AzerbaijaniTurks-Altstadt-2013-PalgraveMacmillan.pdf	general-history	AzerbaijaniTurks-Altstadt-2013-Palgrave.pdf	publisher slug PalgraveMacmillan -> Palgrave
stash-dupe	general-history	BalfourDeclaration-Schneer-2010-BloomsburyP.pdf	_stash-duplicates	BalfourDeclaration-Schneer-2010-BloomsburyP.pdf	duplicate of middle-east-history/BalfourDeclaration-Schneer-2010-BloomsburyP.pdf (misfiled in general-history (winner: middle-east-history))
rename-pub	general-history	Balkans-Glenny-2012-Random-House.pdf	general-history	Balkans-Glenny-2012-RandomHouse.pdf	publisher slug Random-House -> RandomHouse
rename-pub	general-history	BalkanStrategyEntenteCentralPowers-Holland-1974-CambridgeUniversityPress.pdf	general-history	BalkanStrategyEntenteCentralPowers-Holland-1974-CambridgeUP.pdf	publisher slug CambridgeUniversityPress -> CambridgeUP
rename-pub	general-history	BasicFactsAboutTheUnitedNations-UN-2017-United-Nations.pdf	general-history	BasicFactsAboutTheUnitedNations-UN-2017-UN.pdf	publisher slug United-Nations -> UN
rename-pub	general-history	BehindDisappearancesArgentinasDirty-Guest-1986-University-of-Pennsylvania-Press.pdf	general-history	BehindDisappearancesArgentinasDirty-Guest-1986-PennUP.pdf	publisher slug University-of-Pennsylvania-Press -> PennUP
stash-dupe	general-history	BirthPalestinianRefugeeProblem-Morris-2004-Cambridge.pdf	_stash-duplicates	BirthPalestinianRefugeeProblem-Morris-2004-Cambridge.pdf	duplicate of middle-east-history/BirthPalestinianRefugeeProblem-Morris-2004-OxfordUP.pdf (misfiled in general-history (winner: middle-east-history))
rename-pub	general-history	BlackGarden-Waal-2003-New-York-University.pdf	general-history	BlackGarden-Waal-2003-NYUP.pdf	publisher slug New-York-University -> NYUP
stash-dupe	general-history	BlackLegendAntiSpanishAttitudes-Gibson-1971-AnnaArchive.pdf	_stash-duplicates	BlackLegendAntiSpanishAttitudes-Gibson-1971-AnnaArchive.pdf	duplicate of colonialism-slavery/BlackLegendAntiSpanishAttitudes-Gibson-1971-OxfordUP.pdf (loser-publisher=AnnaArchive; misfiled in general-history (winner: colonialism-slavery))
rename-pub	general-history	BlackSun-Goodrick-Clarke-2001-RoutledgeBooks.pdf	general-history	BlackSun-Goodrick-Clarke-2001-Routledge.pdf	publisher slug RoutledgeBooks -> Routledge
rename-pub	general-history	BookContemplation-Cobb-1993-Penguin-Books.pdf	general-history	BookContemplation-Cobb-1993-Penguin.pdf	publisher slug Penguin-Books -> Penguin
stash-dupe	general-history	BornDie-Cook-1998-CambridgeUP.pdf	_stash-duplicates	BornDie-Cook-1998-CambridgeUP.pdf	duplicate of colonialism-slavery/BornDieDiseaseNewWorldConquest-Cook-1998-Cambridge-UP.pdf (misfiled in general-history (winner: colonialism-slavery); shorter title (7 vs 30 chars))
stash-dupe	general-history	BornDieDiseaseNewWorld-Cook-1998-Cambridge-UP.pdf	_stash-duplicates	BornDieDiseaseNewWorld-Cook-1998-Cambridge-UP.pdf	duplicate of colonialism-slavery/BornDieDiseaseNewWorldConquest-Cook-1998-Cambridge-UP.pdf (misfiled in general-history (winner: colonialism-slavery); shorter title (22 vs 30 chars))
rename-pub	general-history	BrownlieInternationalLaw-Crawford-2019-Oxford.epub	general-history	BrownlieInternationalLaw-Crawford-2019-OxfordUP.epub	publisher slug Oxford -> OxfordUP
rename-pub	general-history	CambridgeWorldHistoryViolence-Gordon-2011-Cambridge-University-Press.pdf	general-history	CambridgeWorldHistoryViolence-Gordon-2011-CambridgeUP.pdf	publisher slug Cambridge-University-Press -> CambridgeUP
stash-dupe	general-history	CannibalEncountersEuropeansCaribs-Boucher-1992-Johns-Hopkins.pdf	_stash-duplicates	CannibalEncountersEuropeansCaribs-Boucher-1992-Johns-Hopkins.pdf	duplicate of general-history/CannibalEncountersEuropeansAndIslandCaribs149-Boucher-1992-JohnsHopkinsUP.pdf (shorter title (33 vs 45 chars))
rename-pub	general-history	CarolingiansWrittenWord-McKitterick-1989-Cambridge-University-Press.pdf	general-history	CarolingiansWrittenWord-McKitterick-1989-CambridgeUP.pdf	publisher slug Cambridge-University-Press -> CambridgeUP
rename-pub	general-history	ChosenFewEducationShaped-Botticini-2017-Princeton.pdf	general-history	ChosenFewEducationShaped-Botticini-2017-PrincetonUP.pdf	publisher slug Princeton -> PrincetonUP
stash-dupe	general-history	ChristianJewishRelations-Abulafia-2011-Routledge.pdf	_stash-duplicates	ChristianJewishRelations-Abulafia-2011-Routledge.pdf	duplicate of crusades-christianity/ChristianJewishRelations-Abulafia-2011-Cambridge-University-Press.pdf (misfiled in general-history (winner: crusades-christianity))
rename-pub	general-history	ColdWarMiddleEast-Ashton-2007-RoutledgeBooks.pdf	general-history	ColdWarMiddleEast-Ashton-2007-Routledge.pdf	publisher slug RoutledgeBooks -> Routledge
stash-dupe	general-history	ColdWarMiddleEast-Shlaim-1997-Oxford.pdf	_stash-duplicates	ColdWarMiddleEast-Shlaim-1997-Oxford.pdf	duplicate of middle-east-history/ColdWarMiddleEast-Shlaim-1997-OxfordUP.pdf (misfiled in general-history (winner: middle-east-history))
stash-dupe	general-history	ContemporaryFarRightCulture-Argentino-0000-Unknown-v2.pdf	_stash-duplicates	ContemporaryFarRightCulture-Argentino-0000-Unknown-v2.pdf	duplicate of general-history/ContemporaryFarRightCulture-Argentino-0000-Unknown.pdf (-v2 suffix)
rename-pub	general-history	ContentAndContextHateSpeech-Herz-0000-CambridgeUniversityPress.pdf	general-history	ContentAndContextHateSpeech-Herz-0000-CambridgeUP.pdf	publisher slug CambridgeUniversityPress -> CambridgeUP
rename-pub	general-history	CousinsWars-Phillips-1999-Random-House.pdf	general-history	CousinsWars-Phillips-1999-RandomHouse.pdf	publisher slug Random-House -> RandomHouse
rename-pub	general-history	CrescentAndCross-Cohen-2008-Princeton.pdf	general-history	CrescentAndCross-Cohen-2008-PrincetonUP.pdf	publisher slug Princeton -> PrincetonUP
rename-pub	general-history	CulturalTheory-Smith-2011-RoutledgeBooks.pdf	general-history	CulturalTheory-Smith-2011-Routledge.pdf	publisher slug RoutledgeBooks -> Routledge
stash-dupe	general-history	CurrencyDevaluationSourceGrowthAfri-Bouvet-2022-Springer.pdf	_stash-duplicates	CurrencyDevaluationSourceGrowthAfri-Bouvet-2022-Springer.pdf	duplicate of african-history/CurrencyDevaluationSourceGrowthAfrica-Bouvet-2022-Springer.pdf (misfiled in general-history (winner: african-history); shorter title (35 vs 37 chars))
stash-dupe	general-history	CyprusModernHistory-Mallinson-2005-Bloomsbury-Publishing.pdf	_stash-duplicates	CyprusModernHistory-Mallinson-2005-Bloomsbury-Publishing.pdf	duplicate of territorial-disputes/CyprusModernHistory-Mallinson-2005-ITauris.pdf (misfiled in general-history (winner: territorial-disputes))
stash-dupe	general-history	CyprusProblemWhatEveryoneNeedsToKnow-Ker-Lindsay-2011-OxfordUP.pdf	_stash-duplicates	CyprusProblemWhatEveryoneNeedsToKnow-Ker-Lindsay-2011-OxfordUP.pdf	duplicate of territorial-disputes/CyprusProblemWhatEveryoneNeedsToKnow-Ker-Lindsay-2011-OxfordUP.pdf (misfiled in general-history (winner: territorial-disputes))
rename-pub	general-history	DebunkingHandbook-Lewandowsky-2011-RoutledgeBooks.pdf	general-history	DebunkingHandbook-Lewandowsky-2011-Routledge.pdf	publisher slug RoutledgeBooks -> Routledge
stash-dupe	general-history	DegradedCapabilityMediaKosovoCrisis-Hammond-2000-Pluto.pdf	_stash-duplicates	DegradedCapabilityMediaKosovoCrisis-Hammond-2000-Pluto.pdf	duplicate of territorial-disputes/DegradedCapabilityMediaKosovoCrisis-Hammond-2000-PlutoPress.pdf (misfiled in general-history (winner: territorial-disputes))
rename-pub	general-history	DemographicCollapseIndianPeru-Cook-1998-Cambridge-UP.pdf	general-history	DemographicCollapseIndianPeru-Cook-1998-CambridgeUP.pdf	publisher slug Cambridge-UP -> CambridgeUP
rename-pub	general-history	Disinformation-Pacepa-2013-BasicBooks.pdf	general-history	Disinformation-Pacepa-2013-Basic.pdf	publisher slug BasicBooks -> Basic
stash-dupe	general-history	DixiesDaughters-COX-2003-Unknown.pdf	_stash-duplicates	DixiesDaughters-COX-2003-Unknown.pdf	duplicate of general-history/DixiesDaughtersUnitedDaughters-Cox-2003-UnivFlorida.pdf (loser-publisher=Unknown; shorter title (15 vs 30 chars))
rename-pub	general-history	EagleLionAmericanIranianRelations-Bill-1989-Yale.pdf	general-history	EagleLionAmericanIranianRelations-Bill-1989-YaleUP.pdf	publisher slug Yale -> YaleUP
rename-pub	general-history	EconomicHistoryLatinAmerica-BulmerThomas-2003-RoutledgeBooks.pdf	general-history	EconomicHistoryLatinAmerica-BulmerThomas-2003-Routledge.pdf	publisher slug RoutledgeBooks -> Routledge
stash-dupe	general-history	EyesFromTheMachineAiAssistedSatelliteArchaeol-Casana-2021-CambridgeUP-v2.pdf	_stash-duplicates	EyesFromTheMachineAiAssistedSatelliteArchaeol-Casana-2021-CambridgeUP-v2.pdf	duplicate of general-history/EyesFromTheMachineAiAssistedSatelliteArchaeol-Casana-2021-CambridgeUP.pdf (-v2 suffix)
rename-pub	general-history	FallNaturalManAmericanIndian-Pagden-1995-Yale-UP.pdf	general-history	FallNaturalManAmericanIndian-Pagden-1995-YaleUP.pdf	publisher slug Yale-UP -> YaleUP
stash-dupe	general-history	FatefulTriangle-Chomsky-1999-VersoBooks.pdf	_stash-duplicates	FatefulTriangle-Chomsky-1999-VersoBooks.pdf	duplicate of middle-east-history/FatefulTriangleIsraelPalestine-Chomsky-1999-VersoBooks.pdf (misfiled in general-history (winner: middle-east-history); shorter title (15 vs 30 chars))
rename-pub	general-history	FirstManhattansHistoryIndiansNewYork-Grumet-2011-Rutgers-UP.pdf	general-history	FirstManhattansHistoryIndiansNewYork-Grumet-2011-RutgersUP.pdf	publisher slug Rutgers-UP -> RutgersUP
rename-pub	general-history	FoundingFathersReligionAmerica-Lambert-2006-Princeton-University-Press.pdf	general-history	FoundingFathersReligionAmerica-Lambert-2006-PrincetonUP.pdf	publisher slug Princeton-University-Press -> PrincetonUP
stash-dupe	general-history	FrenchInterventionismSahelFlawedStrategyImper-SOUR-2024-PrzegladGeopolityczny.pdf	_stash-duplicates	FrenchInterventionismSahelFlawedStrategyImper-SOUR-2024-PrzegladGeopolityczny.pdf	duplicate of african-history/FrenchInterventionismSahelFlawedStrategy-Sour-2024-PrzegladGeopolityczny.pdf (misfiled in general-history (winner: african-history))
rename-pub	general-history	GatesEurope-Plokhy-2017-BasicBooks.pdf	general-history	GatesEurope-Plokhy-2017-Basic.pdf	publisher slug BasicBooks -> Basic
rename-pub	general-history	GatesEuropeHistoryUkraine-Plokhy-2015-BasicBooks.pdf	general-history	GatesEuropeHistoryUkraine-Plokhy-2015-Basic.pdf	publisher slug BasicBooks -> Basic
rename-pub	general-history	GenderRepresentationEvil-Williams-1990-Oxford-UP.pdf	general-history	GenderRepresentationEvil-Williams-1990-OxfordUP.pdf	publisher slug Oxford-UP -> OxfordUP
rename-pub	general-history	GeoPACHALargeScaleImagerySurveyArchaeology-Wernke-2023-CambridgeUniversityPress.pdf	general-history	GeoPACHALargeScaleImagerySurveyArchaeology-Wernke-2023-CambridgeUP.pdf	publisher slug CambridgeUniversityPress -> CambridgeUP
stash-dupe	general-history	GestaDanorumHistoryDanes-Grammaticus-2015-Oxford.pdf	_stash-duplicates	GestaDanorumHistoryDanes-Grammaticus-2015-Oxford.pdf	duplicate of general-history/GestaDanorumHistoryDanes-Grammaticus-2015-CambridgeUP.pdf (tied; lower score)
rename-pub	general-history	GlobalPracticeWorldHistory-Manning-2009-RoutledgeBooks.pdf	general-history	GlobalPracticeWorldHistory-Manning-2009-Routledge.pdf	publisher slug RoutledgeBooks -> Routledge
stash-dupe	general-history	GodsWar-Tyerman-2006-Harvard.pdf	_stash-duplicates	GodsWar-Tyerman-2006-Harvard.pdf	duplicate of crusades-christianity/GodsWarNewCrusades-Tyerman-2006-Belknap-Press-of-Harvard-University-Pres.pdf (misfiled in general-history (winner: crusades-christianity); shorter title (7 vs 18 chars))
stash-dupe	general-history	GoverningMayaCommunitiesAndLandsInBelize-Medina-2025-Brill-v2.pdf	_stash-duplicates	GoverningMayaCommunitiesAndLandsInBelize-Medina-2025-Brill-v2.pdf	duplicate of general-history/GoverningMayaCommunitiesAndLandsInBelize-Medina-2025-Brill.pdf (-v2 suffix)
rename-pub	general-history	HarvardClassicsPlutarchLives-Plutarch-1909-Harvard-University-Press.epub	general-history	HarvardClassicsPlutarchLives-Plutarch-1909-HarvardUP.epub	publisher slug Harvard-University-Press -> HarvardUP
rename-pub	general-history	HebrewBibleCriticalCompanion-Barton-0000-Princeton.pdf	general-history	HebrewBibleCriticalCompanion-Barton-0000-PrincetonUP.pdf	publisher slug Princeton -> PrincetonUP
stash-dupe	general-history	HeracliteanFluxPlatoAndTheAncientWorld-Gerson-2007-CambridgeUP-v2.pdf	_stash-duplicates	HeracliteanFluxPlatoAndTheAncientWorld-Gerson-2007-CambridgeUP-v2.pdf	duplicate of general-history/HeracliteanFluxPlatoAndTheAncientWorld-Gerson-2007-CambridgeUP.pdf (-v2 suffix)
stash-dupe	general-history	HimmlerScholarsHolocaust-Pringle-2006-OxfordUP.pdf	_stash-duplicates	HimmlerScholarsHolocaust-Pringle-2006-OxfordUP.pdf	duplicate of reference-methodology/MasterPlanHimmlerScholarsHolocaust-Pringle-2006-Hyperion.pdf (misfiled in general-history (winner: reference-methodology); shorter title (24 vs 34 chars))
rename-pub	general-history	HonourRhetoricSlaveryHerodotus-Cairns-2025-EdinburghUniversityPress.pdf	general-history	HonourRhetoricSlaveryHerodotus-Cairns-2025-EdinburghUP.pdf	publisher slug EdinburghUniversityPress -> EdinburghUP
stash-dupe	general-history	HostageHistory-Hitchens-1997-CambridgeUP.pdf	_stash-duplicates	HostageHistory-Hitchens-1997-CambridgeUP.pdf	duplicate of territorial-disputes/HostageHistoryCyprus-Hitchens-1997-VersoBooks.pdf (misfiled in general-history (winner: territorial-disputes); shorter title (14 vs 20 chars))
rename-pub	general-history	ImaginedCommunities-Anderson-1991-VersoBooks.pdf	general-history	ImaginedCommunities-Anderson-1991-Verso.pdf	publisher slug VersoBooks -> Verso
rename-pub	general-history	ImpunityHumanRightsDemocracyChileArgenti-Wright-1990-UniversityMinnesota.pdf	general-history	ImpunityHumanRightsDemocracyChileArgenti-Wright-1990-MinnesotaUP.pdf	publisher slug UniversityMinnesota -> MinnesotaUP
rename-pub	general-history	IncasPeoplesAmerica-D'Altroy-2014-John-Wiley-&-Sons.pdf	general-history	IncasPeoplesAmerica-D'Altroy-2014-Wiley.pdf	publisher slug John-Wiley-&-Sons -> Wiley
rename-pub	general-history	InfantAndChildBurialRitesRomanBritain-Millett-2015-CambridgeUniversityPress.pdf	general-history	InfantAndChildBurialRitesRomanBritain-Millett-2015-CambridgeUP.pdf	publisher slug CambridgeUniversityPress -> CambridgeUP
stash-dupe	general-history	InfanticideAndSacrificesArchaicBabies-Xella-2013-Routledge-v2.pdf	_stash-duplicates	InfanticideAndSacrificesArchaicBabies-Xella-2013-Routledge-v2.pdf	duplicate of general-history/InfanticideAndSacrificesArchaicBabies-Xella-2013-Routledge.pdf (-v2 suffix)
stash-dupe	general-history	InfanticideSacrificesArchaicBabies-Claassen-2013-Routledge.pdf	_stash-duplicates	InfanticideSacrificesArchaicBabies-Claassen-2013-Routledge.pdf	duplicate of general-history/InfanticideAndSacrificesArchaicBabies-Claassen-2013-TaylorFrancisGroup.pdf (shorter title (34 vs 37 chars))
stash-dupe	general-history	InhumanBondage-Davis-2006-OxfordUP.pdf	_stash-duplicates	InhumanBondage-Davis-2006-OxfordUP.pdf	duplicate of colonialism-slavery/InhumanBondageRiseFallSlavery-Davis-2006-Oxford-UP.pdf (misfiled in general-history (winner: colonialism-slavery); shorter title (14 vs 29 chars))
rename-pub	general-history	InkaHistoryKnots-Urton-2017-Texas.pdf	general-history	InkaHistoryKnots-Urton-2017-University-of-Texas-Press.pdf	publisher slug Texas -> University-of-Texas-Press
rename-pub	general-history	InternationalCourtJusticeDecolonisation-Burri-2021-International-Court-of-Justice.pdf	general-history	InternationalCourtJusticeDecolonisation-Burri-2021-ICJ.pdf	publisher slug International-Court-of-Justice -> ICJ
stash-dupe	general-history	InterviewHistory-Fallaci-1976-Unknown.pdf	_stash-duplicates	InterviewHistory-Fallaci-1976-Unknown.pdf	duplicate of general-history/InterviewHistory-Fallaci-1976-AnnaArchive.pdf (tied; lower score)
rename-pub	general-history	IronWall-Shlaim-2015-MetropolitanBooks.pdf	general-history	IronWall-Shlaim-2015-Metropolitan.pdf	publisher slug MetropolitanBooks -> Metropolitan
stash-dupe	general-history	IslandCenterWorldManhattan-Shorto-2004-Random-House.pdf	_stash-duplicates	IslandCenterWorldManhattan-Shorto-2004-Random-House.pdf	duplicate of colonialism-slavery/IslandCenterWorld-Shorto-2004-Random-House.pdf (misfiled in general-history (winner: colonialism-slavery))
rename-pub	general-history	JewsFranceSurvival-Semelin-2007-Oxford.pdf	general-history	JewsFranceSurvival-Semelin-2007-OxfordUP.pdf	publisher slug Oxford -> OxfordUP
stash-dupe	general-history	KosovoShortHistory-Malcolm-1998-MacmillanUK.pdf	_stash-duplicates	KosovoShortHistory-Malcolm-1998-MacmillanUK.pdf	duplicate of territorial-disputes/KosovoShortHistory-Malcolm-1998-NYUPress.pdf (misfiled in general-history (winner: territorial-disputes))
stash-dupe	general-history	KosovoWarRevenge-Judah-2000-Yale-University-Press.pdf	_stash-duplicates	KosovoWarRevenge-Judah-2000-Yale-University-Press.pdf	duplicate of territorial-disputes/KosovoWarRevenge-Judah-2000-YaleUP.pdf (misfiled in general-history (winner: territorial-disputes))
stash-dupe	general-history	KosovoWarRevenge-Judah-2002-Yale-University-Press.pdf	_stash-duplicates	KosovoWarRevenge-Judah-2002-Yale-University-Press.pdf	duplicate of territorial-disputes/KosovoWarRevenge-Judah-2002-YaleUP.pdf (misfiled in general-history (winner: territorial-disputes))
rename-pub	general-history	LawSocietyVisigothicKingdom-King-2012-Cambridge-University-Press.pdf	general-history	LawSocietyVisigothicKingdom-King-2012-CambridgeUP.pdf	publisher slug Cambridge-University-Press -> CambridgeUP
rename-pub	general-history	LenapeCountryDelawareValley-Soderlund-2007-University-of-Pennsylvania-Press.pdf	general-history	LenapeCountryDelawareValley-Soderlund-2007-PennUP.pdf	publisher slug University-of-Pennsylvania-Press -> PennUP
stash-dupe	general-history	LinesDrawnOnAnEmptyMapIraqSBorders-Ismael-2015-Routledge.pdf	_stash-duplicates	LinesDrawnOnAnEmptyMapIraqSBorders-Ismael-2015-Routledge.pdf	duplicate of middle-east-history/LinesDrawnOnAnEmptyMapIraqSBorders-Ismael-2015-Routledge.pdf (misfiled in general-history (winner: middle-east-history))
rename-pub	general-history	LordsWorldEmpireIdeologies-Pagden-1995-Yale-UP.pdf	general-history	LordsWorldEmpireIdeologies-Pagden-1995-YaleUP.pdf	publisher slug Yale-UP -> YaleUP
stash-dupe	general-history	McMahonHusseinCorrespondence-MCMAHON-1915-Wikisource.pdf	_stash-duplicates	McMahonHusseinCorrespondence-MCMAHON-1915-Wikisource.pdf	duplicate of middle-east-history/McMahonHusseinCorrespondence-McMahon-1915-Wikisource.pdf (misfiled in general-history (winner: middle-east-history))
stash-dupe	general-history	MinersRedMountain-Bakewell-1984-Indiana-UP.pdf	_stash-duplicates	MinersRedMountain-Bakewell-1984-Indiana-UP.pdf	duplicate of general-history/MinersRedMountainPotosi-Bakewell-1984-OxfordUP.pdf (shorter title (17 vs 23 chars))
rename-pub	general-history	MiQueridoBrontosaurus-Switek-2014-RoutledgeBooks.pdf	general-history	MiQueridoBrontosaurus-Switek-2014-Routledge.pdf	publisher slug RoutledgeBooks -> Routledge
rename-pub	general-history	MythAmericanReligiousFreedom-Sehat-2011-Oxford.pdf	general-history	MythAmericanReligiousFreedom-Sehat-2011-OxfordUP.pdf	publisher slug Oxford -> OxfordUP
stash-dupe	general-history	MythAmericanReligiousFreedom-Sehat-2011-OxfordUP.pdf	_stash-duplicates	MythAmericanReligiousFreedom-Sehat-2011-OxfordUP.pdf	duplicate of general-history/MythAmericanReligiousFreedom-Sehat-2011-Oxford.pdf (tied; lower score)
stash-dupe	general-history	MythNationsMedievalOriginsEurope-Geary-2002-PrincetonUP.pdf	_stash-duplicates	MythNationsMedievalOriginsEurope-Geary-2002-PrincetonUP.pdf	duplicate of reference-methodology/MythNationsMedievalEurope-Geary-2002-Princeton-University-Press.pdf (misfiled in general-history (winner: reference-methodology))
stash-dupe	general-history	NationalHistoryNewNationalism-May-2021-Routledge.pdf	_stash-duplicates	NationalHistoryNewNationalism-May-2021-Routledge.pdf	duplicate of reference-methodology/NationalHistoryNewNationalism-May-2021-Routledge.pdf (misfiled in general-history (winner: reference-methodology))
rename-pub	general-history	NativeAndeanPolitics-Thomson-2002-Wisconsin.pdf	general-history	NativeAndeanPolitics-Thomson-2002-WisconsinUP.pdf	publisher slug Wisconsin -> WisconsinUP
rename-pub	general-history	NativeNations-DuVal-2024-UniversityNorthCarolina.pdf	general-history	NativeNations-DuVal-2024-UNCUP.pdf	publisher slug UniversityNorthCarolina -> UNCUP
stash-dupe	general-history	NativePopulationAmericas-Denevan-1992-Unknown.pdf	_stash-duplicates	NativePopulationAmericas-Denevan-1992-Unknown.pdf	duplicate of general-history/NativePopulationOfTheAmericasIn1492-Denevan-1992-UNCPress.pdf (loser-publisher=Unknown; shorter title (24 vs 35 chars))
stash-dupe	general-history	NativePopulationAmericas1492-Denevan-1992-Unknown.pdf	_stash-duplicates	NativePopulationAmericas1492-Denevan-1992-Unknown.pdf	duplicate of general-history/NativePopulationOfTheAmericasIn1492-Denevan-1992-UNCPress.pdf (loser-publisher=Unknown; shorter title (28 vs 35 chars))
stash-dupe	general-history	NativePopulationOfTheAmericasIn1492-Denevan-1992-UCPress.pdf	_stash-duplicates	NativePopulationOfTheAmericasIn1492-Denevan-1992-UCPress.pdf	duplicate of general-history/NativePopulationOfTheAmericasIn1492-Denevan-1992-UNCPress.pdf (tied; lower score)
rename-pub	general-history	NativePopulationOfTheAmericasIn1492-Denevan-1992-UNCPress.pdf	general-history	NativePopulationOfTheAmericasIn1492-Denevan-1992-UNC-Press.pdf	publisher slug UNCPress -> UNC-Press
stash-dupe	general-history	NaturalResourceExploitationInWesternSahara-Allan-2021-Routledge.pdf	_stash-duplicates	NaturalResourceExploitationInWesternSahara-Allan-2021-Routledge.pdf	duplicate of reference-methodology/NaturalResourceExploitationInWesternSahara-Allan-2021-Routledge.pdf (misfiled in general-history (winner: reference-methodology))
stash-dupe	general-history	NeoNaziTerrorismFascism-Sunshine-2024-Unknown.pdf	_stash-duplicates	NeoNaziTerrorismFascism-Sunshine-2024-Unknown.pdf	duplicate of general-history/NeoNaziTerrorismCountercultural-Sunshine-2024-Routledge.pdf (loser-publisher=Unknown; shorter title (23 vs 31 chars))
rename-pub	general-history	NewHistoryWesternPhilosophyAncientPhilosophy-Kenny-2004-OxfordUniversityPress.pdf	general-history	NewHistoryWesternPhilosophyAncientPhilosophy-Kenny-2004-OxfordUP.pdf	publisher slug OxfordUniversityPress -> OxfordUP
rename-pub	general-history	NewNetherlandDutchSettlement-Jacobs-2003-Cornell-UP.pdf	general-history	NewNetherlandDutchSettlement-Jacobs-2003-CornellUP.pdf	publisher slug Cornell-UP -> CornellUP
stash-dupe	general-history	NotOneInch-Sarotte-2021-CambridgeUP.pdf	_stash-duplicates	NotOneInch-Sarotte-2021-CambridgeUP.pdf	duplicate of general-history/NotOneInchPostColdWarStalemate-Sarotte-2021-Yale.pdf (shorter title (10 vs 30 chars))
stash-dupe	general-history	NotOneInchAmericaRussia-Sarotte-2021-YaleUP.pdf	_stash-duplicates	NotOneInchAmericaRussia-Sarotte-2021-YaleUP.pdf	duplicate of general-history/NotOneInchPostColdWarStalemate-Sarotte-2021-Yale.pdf (shorter title (23 vs 30 chars))
rename-pub	general-history	NotOneInchPostColdWarStalemate-Sarotte-2021-Yale.pdf	general-history	NotOneInchPostColdWarStalemate-Sarotte-2021-YaleUP.pdf	publisher slug Yale -> YaleUP
rename-pub	general-history	OnSavageShores-Pennock-2023-University-of-Pennsylvania-Press.pdf	general-history	OnSavageShores-Pennock-2023-PennUP.pdf	publisher slug University-of-Pennsylvania-Press -> PennUP
rename-pub	general-history	OnSavageShoresIndigenousAmericansEurope-Pennock-2011-University-of-Pennsylvania-Press.pdf	general-history	OnSavageShoresIndigenousAmericansEurope-Pennock-2011-PennUP.pdf	publisher slug University-of-Pennsylvania-Press -> PennUP
stash-dupe	general-history	OxfordHandbookHolocaustStudies-Hayes-2010-OxfordUP.pdf	_stash-duplicates	OxfordHandbookHolocaustStudies-Hayes-2010-OxfordUP.pdf	duplicate of reference-methodology/OxfordHandbookHolocaustStudies-Hayes-2010-Oxford.pdf (misfiled in general-history (winner: reference-methodology))
stash-dupe	general-history	PalestinianRefugeeProblem-Morris-2004-OxfordUP.pdf	_stash-duplicates	PalestinianRefugeeProblem-Morris-2004-OxfordUP.pdf	duplicate of middle-east-history/BirthPalestinianRefugeeProblem-Morris-2004-OxfordUP.pdf (misfiled in general-history (winner: middle-east-history); shorter title (25 vs 30 chars))
rename-pub	general-history	PinochetChileLondon-Stern-1998-PalgraveMacmillan.pdf	general-history	PinochetChileLondon-Stern-1998-Palgrave.pdf	publisher slug PalgraveMacmillan -> Palgrave
stash-dupe	general-history	PiratesBarbary-Tinniswood-2010-OxfordUP.pdf	_stash-duplicates	PiratesBarbary-Tinniswood-2010-OxfordUP.pdf	duplicate of general-history/PiratesBarbaryCorsairs-Tinniswood-2010-Riverhead.pdf (shorter title (14 vs 22 chars))
rename-pub	general-history	PopesLawyersInfidels-Muldoon-1979-Pennsylvania-UP.pdf	general-history	PopesLawyersInfidels-Muldoon-1979-PennUP.pdf	publisher slug Pennsylvania-UP -> PennUP
stash-dupe	general-history	PreahVihear-Kasetsiri-2013-Unknown.pdf	_stash-duplicates	PreahVihear-Kasetsiri-2013-Unknown.pdf	duplicate of territorial-disputes/PreahVihearThaiCambodianConflict-Kasetsiri-2013-Unknown.pdf (misfiled in general-history (winner: territorial-disputes); shorter title (11 vs 32 chars))
rename-pub	general-history	RaceMakingAmericanPolitical-Blatt-2021-PalgraveMacmillan.pdf	general-history	RaceMakingAmericanPolitical-Blatt-2021-Palgrave.pdf	publisher slug PalgraveMacmillan -> Palgrave
rename-pub	general-history	RealValkyrieVikingWarrior-Brown-2021-PalgraveMacmillan.pdf	general-history	RealValkyrieVikingWarrior-Brown-2021-Palgrave.pdf	publisher slug PalgraveMacmillan -> Palgrave
stash-dupe	general-history	RedGold-Hemming-1978-PalgraveMacmillan.pdf	_stash-duplicates	RedGold-Hemming-1978-PalgraveMacmillan.pdf	duplicate of colonialism-slavery/RedGoldConquestBrazillianIndians-Hemming-1978-Macmillan.pdf (misfiled in general-history (winner: colonialism-slavery); shorter title (7 vs 32 chars))
rename-pub	general-history	RediscoveryAmerica-Blackhawk-2023-UniversityChicago.pdf	general-history	RediscoveryAmerica-Blackhawk-2023-ChicagoUP.pdf	publisher slug UniversityChicago -> ChicagoUP
rename-pub	general-history	RedStarRogue-Sewell-2006-BasicBooks.pdf	general-history	RedStarRogue-Sewell-2006-Basic.pdf	publisher slug BasicBooks -> Basic
rename-pub	general-history	RedStarRogueSubmarine-Sewell-2005-BasicBooks.pdf	general-history	RedStarRogueSubmarine-Sewell-2005-Basic.pdf	publisher slug BasicBooks -> Basic
stash-dupe	general-history	ReligiousPluralismIslamicLaw-Emon-2012-Oxford-University-Press.pdf	_stash-duplicates	ReligiousPluralismIslamicLaw-Emon-2012-Oxford-University-Press.pdf	duplicate of crusades-christianity/ReligiousPluralismIslamicLaw-Emon-2012-OxfordUP.pdf (misfiled in general-history (winner: crusades-christianity))
rename-pub	general-history	ReturnGreatPowerRivalry-Kroening-2020-Oxford.pdf	general-history	ReturnGreatPowerRivalry-Kroening-2020-OxfordUP.pdf	publisher slug Oxford -> OxfordUP
stash-dupe	general-history	ReturnGreatPowerRivalry-Kroening-2020-Unknown.pdf	_stash-duplicates	ReturnGreatPowerRivalry-Kroening-2020-Unknown.pdf	duplicate of general-history/ReturnGreatPowerRivalry-Kroening-2020-Oxford.pdf (loser-publisher=Unknown)
stash-dupe	general-history	RevisitingOriginsHumanRights-Slotte-2015-Cambridge.pdf	_stash-duplicates	RevisitingOriginsHumanRights-Slotte-2015-Cambridge.pdf	duplicate of reference-methodology/RevisitingOriginsHumanRights-Slotte-2015-Cambridge-University-Press.pdf (misfiled in general-history (winner: reference-methodology))
rename-pub	general-history	Rubenstein--Jay-Armies-of-Heaven-The-First-Crusade-and-the-Quest-for-Apocalypse--2011--Basic-Books--.pdf	general-history	Rubenstein--Jay-Armies-of-Heaven-The-First-Crusade-and-the-Quest-for-Apocalypse--2011-Basic.pdf	publisher slug -Basic-Books-- -> Basic
stash-dupe	general-history	SahelCognitiveMapping-Idrissa-2020-Springer.pdf	_stash-duplicates	SahelCognitiveMapping-Idrissa-2020-Springer.pdf	duplicate of african-history/SahelCognitiveMapping-Idrissa-2020-Springer.pdf (misfiled in general-history (winner: african-history))
rename-pub	general-history	SaxoGrammaticusGestaDanorum-Saxo-0000-OxfordUniversityPress.pdf	general-history	SaxoGrammaticusGestaDanorum-Saxo-0000-OxfordUP.pdf	publisher slug OxfordUniversityPress -> OxfordUP
stash-dupe	general-history	SearchSovereigntyEuropeanEmpires-Benton-2009-Cambridge.pdf	_stash-duplicates	SearchSovereigntyEuropeanEmpires-Benton-2009-Cambridge.pdf	duplicate of colonialism-slavery/SearchSovereigntyLawGeographyEmpires-Benton-2009-CambridgeUP.pdf (misfiled in general-history (winner: colonialism-slavery); shorter title (32 vs 36 chars))
rename-pub	general-history	SecretHistoryCIAOperationsGuatemala-Cullather-2006-Stanford.pdf	general-history	SecretHistoryCIAOperationsGuatemala-Cullather-2006-StanfordUP.pdf	publisher slug Stanford -> StanfordUP
rename-pub	general-history	SelfishGeneAnniversary-Dawkins-2016-Oxford.epub	general-history	SelfishGeneAnniversary-Dawkins-2016-OxfordUP.epub	publisher slug Oxford -> OxfordUP
stash-dupe	general-history	SerbAlbanian-Vickers-1998-Columbia.pdf	_stash-duplicates	SerbAlbanian-Vickers-1998-Columbia.pdf	duplicate of middle-east-history/BetweenSerbAlbanianHistoryKosovo-Vickers-1998-Columbia-University-Press.pdf (misfiled in general-history (winner: middle-east-history); shorter title (12 vs 32 chars))
stash-dupe	general-history	SeventeenSeventySix-McCullough-2005-Simon-&-Schuster.pdf	_stash-duplicates	SeventeenSeventySix-McCullough-2005-Simon-&-Schuster.pdf	duplicate of general-history/SeventeenSeventySix-McCullough-2005-RandomHouse.pdf (tied; lower score)
rename-pub	general-history	ShortHistoryNearlyEverything-Bryson-2003-Random-House.epub	general-history	ShortHistoryNearlyEverything-Bryson-2003-RandomHouse.epub	publisher slug Random-House -> RandomHouse
rename-pub	general-history	SlavesWarfareIdeologyGreekHistorians-Hunt-1998-Cambridge.pdf	general-history	SlavesWarfareIdeologyGreekHistorians-Hunt-1998-CambridgeUP.pdf	publisher slug Cambridge -> CambridgeUP
stash-dupe	general-history	SovietPoliciesMiddleEast-Golan-1990-Cambridge.pdf	_stash-duplicates	SovietPoliciesMiddleEast-Golan-1990-Cambridge.pdf	duplicate of middle-east-history/SovietPoliciesMiddleEast-Golan-1990-OxfordUP.pdf (misfiled in general-history (winner: middle-east-history))
stash-dupe	general-history	StateUncivilSocietyThailandPreahVihear-Pawakapan-2013-Unknown.pdf	_stash-duplicates	StateUncivilSocietyThailandPreahVihear-Pawakapan-2013-Unknown.pdf	duplicate of territorial-disputes/ThailandTemplePreahVihear-Pawakapan-2013-Unknown.pdf (misfiled in general-history (winner: territorial-disputes))
stash-dupe	general-history	SwordShield-Andrew-2000-OxfordUP.pdf	_stash-duplicates	SwordShield-Andrew-2000-OxfordUP.pdf	duplicate of general-history/SwordShieldMitrokhinArchive-Andrew-2000-Basic-Books.pdf (shorter title (11 vs 27 chars))
rename-pub	general-history	SwordShieldMitrokhinArchive-Andrew-2000-Basic-Books.pdf	general-history	SwordShieldMitrokhinArchive-Andrew-2000-Basic.pdf	publisher slug Basic-Books -> Basic
rename-pub	general-history	TakingManhattanNewYork-Shorto-2004-Random-House.epub	general-history	TakingManhattanNewYork-Shorto-2004-RandomHouse.epub	publisher slug Random-House -> RandomHouse
rename-pub	general-history	TalmudRedFenceJudaism-Secunda-2014-Oxford.pdf	general-history	TalmudRedFenceJudaism-Secunda-2014-OxfordUP.pdf	publisher slug Oxford -> OxfordUP
rename-pub	general-history	ThePrizeOil-Yergin-2012-Simon-&-Schuster.pdf	general-history	ThePrizeOil-Yergin-2012-SimonSchuster.pdf	publisher slug Simon-&-Schuster -> SimonSchuster
rename-pub	general-history	ThreeHundred-Miller-2012-Oxford-UP.pdf	general-history	ThreeHundred-Miller-2012-OxfordUP.pdf	publisher slug Oxford-UP -> OxfordUP
stash-dupe	general-history	TruthAboutProtocols-Graves-1921-TheTimes.pdf	_stash-duplicates	TruthAboutProtocols-Graves-1921-TheTimes.pdf	duplicate of general-history/TruthAboutTheProtocols-Graves-1921-TimesBooks.pdf (shorter title (19 vs 22 chars))
stash-dupe	general-history	VeilMaleEliteFeminism-Mernissi-1991-ACLS-Humanities.pdf	_stash-duplicates	VeilMaleEliteFeminism-Mernissi-1991-ACLS-Humanities.pdf	duplicate of general-history/VeilMaleEliteFeminism-Mernissi-1991-VersoBooks.pdf (tied; lower score)
rename-pub	general-history	VeilMaleEliteFeminism-Mernissi-1991-VersoBooks.pdf	general-history	VeilMaleEliteFeminism-Mernissi-1991-Verso.pdf	publisher slug VersoBooks -> Verso
rename-pub	general-history	VichyLawHolocaust-Weisberg-1996-New-York-University.pdf	general-history	VichyLawHolocaust-Weisberg-1996-NYUP.pdf	publisher slug New-York-University -> NYUP
stash-dupe	general-history	VikingWarriorWomenReassessingBirkaGrave-Price-2019-CambridgeUniversityPress.pdf	_stash-duplicates	VikingWarriorWomenReassessingBirkaGrave-Price-2019-CambridgeUniversityPress.pdf	duplicate of general-history/VikingWarriorWomenReassessingBirkaGraveBj581-Price-2019-CambridgeUP.pdf (shorter title (39 vs 44 chars))
rename-pub	general-history	WeAloneWillRule-Thomson-2002-Wisconsin.pdf	general-history	WeAloneWillRule-Thomson-2002-WisconsinUP.pdf	publisher slug Wisconsin -> WisconsinUP
stash-dupe	general-history	WesternSahara-Jensen-2005-Unknown.pdf	_stash-duplicates	WesternSahara-Jensen-2005-Unknown.pdf	duplicate of general-history/WesternSaharaStalemate-Jensen-2005-Lynne-Rienner.pdf (loser-publisher=Unknown; shorter title (13 vs 22 chars))
stash-dupe	general-history	WesternSahara-Zunes-2010-Unknown.pdf	_stash-duplicates	WesternSahara-Zunes-2010-Unknown.pdf	duplicate of general-history/WesternSaharaConflict-Zunes-2010-Syracuse-University.pdf (loser-publisher=Unknown; shorter title (13 vs 21 chars))
rename-pub	general-history	WesternSaharaConflict-Zunes-2010-Syracuse-University.pdf	general-history	WesternSaharaConflict-Zunes-2010-SyracuseUP.pdf	publisher slug Syracuse-University -> SyracuseUP
stash-dupe	general-history	WhatWeKnewWasLostOralHistoryGreekCypriot-Peristianis-2019-ResearchGate-v2.pdf	_stash-duplicates	WhatWeKnewWasLostOralHistoryGreekCypriot-Peristianis-2019-ResearchGate-v2.pdf	duplicate of general-history/WhatWeKnewWasLostOralHistoryGreekCypriot-Peristianis-2019-ResearchGate.pdf (-v2 suffix)
stash-dupe	general-history	WomenCrucibleConquest-Powers-2005-Unknown.pdf	_stash-duplicates	WomenCrucibleConquest-Powers-2005-Unknown.pdf	duplicate of colonialism-slavery/WomenCrucibleConquestGendered-Powers-2005-UNC-Press.pdf (loser-publisher=Unknown; misfiled in general-history (winner: colonialism-slavery); shorter title (21 vs 29 chars))
rename-pub	general-history	WomenGenderIslam-Ahmed-1992-Yale.pdf	general-history	WomenGenderIslam-Ahmed-1992-YaleUP.pdf	publisher slug Yale -> YaleUP
rename-pub	general-history	WomenIslamAbbasid-Cheikh-2004-Harvard.pdf	general-history	WomenIslamAbbasid-Cheikh-2004-HarvardUP.pdf	publisher slug Harvard -> HarvardUP
rename-pub	general-history	WomenMosqueHistory-Katz-2014-Columbia.pdf	general-history	WomenMosqueHistory-Katz-2014-ColumbiaUP.pdf	publisher slug Columbia -> ColumbiaUP
stash-dupe	general-history	WomenOldNorseLiterature-Friðriksdóttir-2013-Palgrave.pdf	_stash-duplicates	WomenOldNorseLiterature-Friðriksdóttir-2013-Palgrave.pdf	duplicate of general-history/WomenOldNorseLiterature-Friðriksdóttir-2013-OxfordUP.pdf (tied; lower score)
rename-pub	general-history	WorldHistoryViolence-Antony-2011-Cambridge-University-Press.pdf	general-history	WorldHistoryViolence-Antony-2011-CambridgeUP.pdf	publisher slug Cambridge-University-Press -> CambridgeUP
rename-pub	general-history	WorldWasGoingOurWay-Andrew-2005-Basic-Books.pdf	general-history	WorldWasGoingOurWay-Andrew-2005-Basic.pdf	publisher slug Basic-Books -> Basic
rename-pub	general-history	WretchedEarth-Fanon-2004-GrovePress.pdf	general-history	WretchedEarth-Fanon-2004-Grove.pdf	publisher slug GrovePress -> Grove
stash-dupe	general-history	YoungTurksCrimeHumanity-Akçam-2012-OxfordUP.pdf	_stash-duplicates	YoungTurksCrimeHumanity-Akçam-2012-OxfordUP.pdf	duplicate of territorial-disputes/YoungTurksCrimeAgainstHumanityArmenianGenocid-Akçam-2012-PrincetonUP.pdf (misfiled in general-history (winner: territorial-disputes); shorter title (23 vs 45 chars))
rename-pub	general-history	YugoslaviaDeathNation-Silber-1997-Penguin-Books.pdf	general-history	YugoslaviaDeathNation-Silber-1997-Penguin.pdf	publisher slug Penguin-Books -> Penguin
rename-pub	middle-east-history	AllShahsMenAmericanCoupRootsMiddleEastTe-Kinzer-2013-John-Wiley-&-Sons.pdf	middle-east-history	AllShahsMenAmericanCoupRootsMiddleEastTe-Kinzer-2013-Wiley.pdf	publisher slug John-Wiley-&-Sons -> Wiley
stash-dupe	middle-east-history	ArmedStruggleAndTheSearchForState-Sayigh-1997-OxfordUP.pdf	_stash-duplicates	ArmedStruggleAndTheSearchForState-Sayigh-1997-OxfordUP.pdf	duplicate of middle-east-history/ArmedStruggleSearchStatePalestinianMovem-Sayigh-1997-CambridgeUP.pdf (shorter title (33 vs 40 chars))
rename-pub	middle-east-history	BetweenSerbAlbanianHistoryKosovo-Vickers-1998-Columbia-University-Press.pdf	middle-east-history	BetweenSerbAlbanianHistoryKosovo-Vickers-1998-ColumbiaUP.pdf	publisher slug Columbia-University-Press -> ColumbiaUP
rename-pub	middle-east-history	CaseIsrael-Dershowitz-2011-BasicBooks.pdf	middle-east-history	CaseIsrael-Dershowitz-2011-Basic.pdf	publisher slug BasicBooks -> Basic
rename-pub	middle-east-history	CrescentObscuredUnitedStatesMuslimWorld1-Allison-1776-Chicago.pdf	middle-east-history	CrescentObscuredUnitedStatesMuslimWorld1-Allison-1776-ChicagoUP.pdf	publisher slug Chicago -> ChicagoUP
rename-pub	middle-east-history	DemocracyIranFailedMightSucceed-Parsa-2016-Harvard.pdf	middle-east-history	DemocracyIranFailedMightSucceed-Parsa-2016-HarvardUP.pdf	publisher slug Harvard -> HarvardUP
rename-pub	middle-east-history	DenialViolenceOttomanPastTurkishPresentC-Göçek-1789-Oxford.pdf	middle-east-history	DenialViolenceOttomanPastTurkishPresentC-Göçek-1789-OxfordUP.pdf	publisher slug Oxford -> OxfordUP
rename-pub	middle-east-history	FatefulTriangleIsraelPalestine-Chomsky-1999-VersoBooks.pdf	middle-east-history	FatefulTriangleIsraelPalestine-Chomsky-1999-Verso.pdf	publisher slug VersoBooks -> Verso
stash-dupe	middle-east-history	FatefulTriangleIsraelPalestinians-Chomsky-1983-VersoBooks.pdf	_stash-duplicates	FatefulTriangleIsraelPalestinians-Chomsky-1983-VersoBooks.pdf	duplicate of middle-east-history/FatefulTriangleTheUnitedStatesIsraelAndPalest-Chomsky-1983-PlutoPress.pdf (shorter title (33 vs 45 chars))
rename-pub	middle-east-history	HeraclitusAndIran-Duchesne-Guillemin-1963-UniversityOfChicagoPress.pdf	middle-east-history	HeraclitusAndIran-Duchesne-Guillemin-1963-ChicagoUP.pdf	publisher slug UniversityOfChicagoPress -> ChicagoUP
rename-pub	middle-east-history	ImageAndRealityOfTheIsraelPalestineConflict-Finkelstein-1995-VersoBooks.pdf	middle-east-history	ImageAndRealityOfTheIsraelPalestineConflict-Finkelstein-1995-Verso.pdf	publisher slug VersoBooks -> Verso
rename-pub	middle-east-history	IransIntellectualRevolution-Kamrava-2008-Cambridge.azw3	middle-east-history	IransIntellectualRevolution-Kamrava-2008-CambridgeUP.azw3	publisher slug Cambridge -> CambridgeUP
rename-pub	middle-east-history	IronWallIsraelAndTheArabWorld-Shlaim-2000-NortonCo.pdf	middle-east-history	IronWallIsraelAndTheArabWorld-Shlaim-2000-Norton.pdf	publisher slug NortonCo -> Norton
stash-dupe	middle-east-history	JewsArabLands-Stillman-1979-OxfordUP.pdf	_stash-duplicates	JewsArabLands-Stillman-1979-OxfordUP.pdf	duplicate of reference-methodology/JewsArabLandsHistory-Stillman-1979-Jewish-Publication-Society-of-America.pdf (shorter title (13 vs 20 chars))
stash-dupe	middle-east-history	JewsArabLandsHistory-Stillman-1979-Unknown.pdf	_stash-duplicates	JewsArabLandsHistory-Stillman-1979-Unknown.pdf	duplicate of reference-methodology/JewsArabLandsHistory-Stillman-1979-Jewish-Publication-Society-of-America.pdf (loser-publisher=Unknown)
rename-pub	middle-east-history	KhomeinismEssaysIslamicRepublic-Abrahamian-2012-Berkeley.pdf	middle-east-history	KhomeinismEssaysIslamicRepublic-Abrahamian-2012-BerkeleyUP.pdf	publisher slug Berkeley -> BerkeleyUP
stash-dupe	middle-east-history	KillingOrdersTalatPashaSTelegrams-Akçam-2018-Palgrave.pdf	_stash-duplicates	KillingOrdersTalatPashaSTelegrams-Akçam-2018-Palgrave.pdf	duplicate of territorial-disputes/TalatPashaSTelegramsAndTheArmenianGenocide-Akçam-2018-Palgrave.pdf (shorter title (33 vs 42 chars))
rename-pub	middle-east-history	LineInTheSandTheAngloFrenchStruggle-Barr-2011-NortonCo.pdf	middle-east-history	LineInTheSandTheAngloFrenchStruggle-Barr-2011-Norton.pdf	publisher slug NortonCo -> Norton
stash-dupe	middle-east-history	LineSand-Barr-2011-OxfordUP.pdf	_stash-duplicates	LineSand-Barr-2011-OxfordUP.pdf	duplicate of middle-east-history/LineInTheSandTheAngloFrenchStruggle-Barr-2011-NortonCo.pdf (shorter title (8 vs 35 chars))
rename-pub	middle-east-history	MarriageMoneyDivorceMedievalIslamicSocie-Rapoport-2005-Cambridge.pdf	middle-east-history	MarriageMoneyDivorceMedievalIslamicSocie-Rapoport-2005-CambridgeUP.pdf	publisher slug Cambridge -> CambridgeUP
rename-pub	middle-east-history	ModernIran10129879780300194739LibgenLi-Kagan-2018-Yale-University-Press.pdf	middle-east-history	ModernIran10129879780300194739LibgenLi-Kagan-2018-YaleUP.pdf	publisher slug Yale-University-Press -> YaleUP
rename-pub	middle-east-history	PalestineArabIsraeliConflict-Smith-2016-RoutledgeBooks.pdf	middle-east-history	PalestineArabIsraeliConflict-Smith-2016-Routledge.pdf	publisher slug RoutledgeBooks -> Routledge
rename-pub	middle-east-history	PalestineArabIsraeliConflict-Smith-2020-RoutledgeBooks.pdf	middle-east-history	PalestineArabIsraeliConflict-Smith-2020-Routledge.pdf	publisher slug RoutledgeBooks -> Routledge
rename-pub	middle-east-history	ParanoidApocalypse-Landes-2012-NYUPress.pdf	middle-east-history	ParanoidApocalypse-Landes-2012-NYU.pdf	publisher slug NYUPress -> NYU
stash-dupe	middle-east-history	PlotProtocolsEldersZion-Eisner-2005-Unknown.pdf	_stash-duplicates	PlotProtocolsEldersZion-Eisner-2005-Unknown.pdf	duplicate of reference-methodology/PlotSecretProtocolsZion-Eisner-2005-W.-W.-Norton-&-Company.pdf (loser-publisher=Unknown)
rename-pub	middle-east-history	ProtocolsEldersZionJewishPress-BalakirskyKatz-2012-NYUPress.pdf	middle-east-history	ProtocolsEldersZionJewishPress-BalakirskyKatz-2012-NYU.pdf	publisher slug NYUPress -> NYU
rename-pub	middle-east-history	QuestionPalestine-Said-2015-VersoBooks.pdf	middle-east-history	QuestionPalestine-Said-2015-Verso.pdf	publisher slug VersoBooks -> Verso
rename-pub	middle-east-history	RediscoveringPalestineMerchantsPeasantsJ-Doumani-1700-Berkeley.pdf	middle-east-history	RediscoveringPalestineMerchantsPeasantsJ-Doumani-1700-BerkeleyUP.pdf	publisher slug Berkeley -> BerkeleyUP
rename-pub	middle-east-history	RevolutionWithoutRevolutionariesMakingSe-Bayat-2017-Stanford.pdf	middle-east-history	RevolutionWithoutRevolutionariesMakingSe-Bayat-2017-StanfordUP.pdf	publisher slug Stanford -> StanfordUP
rename-pub	middle-east-history	UnknownTitle-Crane-2020-Johns-Hopkins.pdf	middle-east-history	UnknownTitle-Crane-2020-JohnsHopkinsUP.pdf	publisher slug Johns-Hopkins -> JohnsHopkinsUP
rename-pub	middle-east-history	UnthinkableRevolutionIran-Kurzman-2005-Harvard.pdf	middle-east-history	UnthinkableRevolutionIran-Kurzman-2005-HarvardUP.pdf	publisher slug Harvard -> HarvardUP
rename-pub	middle-east-history	VanguardImamReligionPoliticsIransRevolut-Afshon-2016-Oxford.pdf	middle-east-history	VanguardImamReligionPoliticsIransRevolut-Afshon-2016-OxfordUP.pdf	publisher slug Oxford -> OxfordUP
stash-dupe	middle-east-history	WarrantGenocideProtocolsElders-Cohn-2005-OxfordUP.pdf	_stash-duplicates	WarrantGenocideProtocolsElders-Cohn-2005-OxfordUP.pdf	duplicate of reference-methodology/WarrantGenocideJewishConspiracyProtocols-Cohn-2005-Serif.pdf (shorter title (30 vs 40 chars))
rename-pub	middle-east-history	YoungTurksCrimeAgainstHumanityArmenianGe-Akçam-1815-Princeton.pdf	middle-east-history	YoungTurksCrimeAgainstHumanityArmenianGe-Akçam-1815-PrincetonUP.pdf	publisher slug Princeton -> PrincetonUP
stash-dupe	reference-methodology	AmericanHolocaust-Stannard-1992-Oxford.pdf	_stash-duplicates	AmericanHolocaust-Stannard-1992-Oxford.pdf	duplicate of colonialism-slavery/AmericanHolocaust-Stannard-1992-OxfordUP.pdf (tied; lower score)
rename-pub	reference-methodology	ArmiesHeavenFirstCrusadeApocalypse-Rubenstein-2011-Basic-Books.pdf	reference-methodology	ArmiesHeavenFirstCrusadeApocalypse-Rubenstein-2011-Basic.pdf	publisher slug Basic-Books -> Basic
rename-pub	reference-methodology	AuschwitzDeathCampAnatomy-Gutman-1994-Indiana-University-Press.pdf	reference-methodology	AuschwitzDeathCampAnatomy-Gutman-1994-IndianaUP.pdf	publisher slug Indiana-University-Press -> IndianaUP
rename-pub	reference-methodology	BlackSunAryanCultsNazism-Goodrick-Clarke-2002-New-York-University-Press.pdf	reference-methodology	BlackSunAryanCultsNazism-Goodrick-Clarke-2002-NYUP.pdf	publisher slug New-York-University-Press -> NYUP
rename-pub	reference-methodology	CambridgeWorldHistoryViolence-Antony-2020-Cambridge.pdf	reference-methodology	CambridgeWorldHistoryViolence-Antony-2020-CambridgeUP.pdf	publisher slug Cambridge -> CambridgeUP
rename-pub	reference-methodology	CambridgeWorldHistoryViolence-Gordon-2020-Cambridge.pdf	reference-methodology	CambridgeWorldHistoryViolence-Gordon-2020-CambridgeUP.pdf	publisher slug Cambridge -> CambridgeUP
rename-pub	reference-methodology	GreatDivergenceChinaEuropeEconomy-Pomeranz-2000-Princeton-University-Press.pdf	reference-methodology	GreatDivergenceChinaEuropeEconomy-Pomeranz-2000-PrincetonUP.pdf	publisher slug Princeton-University-Press -> PrincetonUP
rename-pub	reference-methodology	HolocaustNaziPersecutionJews-Longerich-2010-Oxford.pdf	reference-methodology	HolocaustNaziPersecutionJews-Longerich-2010-OxfordUP.pdf	publisher slug Oxford -> OxfordUP
stash-dupe	reference-methodology	LieWouldnDieProtocolsElders-Ben-Itto-2005-Vallentine-Mitchell.pdf	_stash-duplicates	LieWouldnDieProtocolsElders-Ben-Itto-2005-Vallentine-Mitchell.pdf	duplicate of reference-methodology/LieWouldntDieProtocolsElders-Ben-Itto-2005-YaleUP.pdf (shorter title (27 vs 28 chars))
rename-pub	reference-methodology	MythNationsMedievalEurope-Geary-1948-Princeton.pdf	reference-methodology	MythNationsMedievalEurope-Geary-1948-PrincetonUP.pdf	publisher slug Princeton -> PrincetonUP
rename-pub	reference-methodology	MythNationsMedievalEurope-Geary-2002-Princeton-University-Press.pdf	reference-methodology	MythNationsMedievalEurope-Geary-2002-PrincetonUP.pdf	publisher slug Princeton-University-Press -> PrincetonUP
rename-pub	reference-methodology	NonExistentManuscriptProtocols-Michelis-2004-University-of-Nebraska-Press.pdf	reference-methodology	NonExistentManuscriptProtocols-Michelis-2004-Nebraska-UP.pdf	publisher slug University-of-Nebraska-Press -> Nebraska-UP
rename-pub	reference-methodology	OxfordHandbookHolocaustStudies-Hayes-2010-Oxford.pdf	reference-methodology	OxfordHandbookHolocaustStudies-Hayes-2010-OxfordUP.pdf	publisher slug Oxford -> OxfordUP
rename-pub	reference-methodology	ParanoidApocalypseProtocolsZion-Katz-2015-New-York-University-Press.pdf	reference-methodology	ParanoidApocalypseProtocolsZion-Katz-2015-NYUP.pdf	publisher slug New-York-University-Press -> NYUP
rename-pub	reference-methodology	RevisitingOriginsHumanRights-Slotte-2015-Cambridge-University-Press.pdf	reference-methodology	RevisitingOriginsHumanRights-Slotte-2015-CambridgeUP.pdf	publisher slug Cambridge-University-Press -> CambridgeUP
rename-pub	territorial-disputes	BakassiPoliticsExclusionOccupation-Kinni-2013-PalgraveMacmillan.pdf	territorial-disputes	BakassiPoliticsExclusionOccupation-Kinni-2013-Palgrave.pdf	publisher slug PalgraveMacmillan -> Palgrave
stash-dupe	territorial-disputes	BetweenSerbAlbanianHistoryKosovo-Vickers-1998-ColumbiaUP.pdf	_stash-duplicates	BetweenSerbAlbanianHistoryKosovo-Vickers-1998-ColumbiaUP.pdf	duplicate of middle-east-history/BetweenSerbAlbanianHistoryKosovo-Vickers-1998-Columbia-University-Press.pdf (tied; lower score)
rename-pub	territorial-disputes	BeyondLinesAutobiography-Nayar-2012-PalgraveMacmillan.pdf	territorial-disputes	BeyondLinesAutobiography-Nayar-2012-Palgrave.pdf	publisher slug PalgraveMacmillan -> Palgrave
rename-pub	territorial-disputes	BlackGardenArmeniaAzerbaijanPeaceWar-Waal-2013-NYUPress.pdf	territorial-disputes	BlackGardenArmeniaAzerbaijanPeaceWar-Waal-2013-NYU.pdf	publisher slug NYUPress -> NYU
rename-pub	territorial-disputes	CameroonNigeriaBorderDisputeManagementResolut-Lukong-2011-PalgraveMacmillan.pdf	territorial-disputes	CameroonNigeriaBorderDisputeManagementResolut-Lukong-2011-Palgrave.pdf	publisher slug PalgraveMacmillan -> Palgrave
rename-pub	territorial-disputes	CyprusConflicts-Doudaki-2017-PalgraveMacmillan.pdf	territorial-disputes	CyprusConflicts-Doudaki-2017-Palgrave.pdf	publisher slug PalgraveMacmillan -> Palgrave
stash-dupe	territorial-disputes	CyprusModernHistory-Mallinson-2005-ITauris-v2.pdf	_stash-duplicates	CyprusModernHistory-Mallinson-2005-ITauris-v2.pdf	duplicate of territorial-disputes/CyprusModernHistory-Mallinson-2005-ITauris.pdf (-v2 suffix)
stash-dupe	territorial-disputes	HistoryNewNetherlandNewYorkUnderDutch-OCallaghan-1846-Unknown.pdf	_stash-duplicates	HistoryNewNetherlandNewYorkUnderDutch-OCallaghan-1846-Unknown.pdf	duplicate of general-history/HistoryNewNetherlandNewYorkDutch-OCallaghan-1846-Appleton.pdf (loser-publisher=Unknown)
rename-pub	territorial-disputes	HostageHistoryCyprus-Hitchens-1997-VersoBooks.pdf	territorial-disputes	HostageHistoryCyprus-Hitchens-1997-Verso.pdf	publisher slug VersoBooks -> Verso
rename-pub	territorial-disputes	ICJJudgmentCameroonNigeriaBoundaryDispute-UnitedNations-2002-UnitedNations.pdf	territorial-disputes	ICJJudgmentCameroonNigeriaBoundaryDispute-UnitedNations-2002-UN.pdf	publisher slug UnitedNations -> UN
stash-dupe	territorial-disputes	InternationalBoundariesNigeriaFrameworkEmerge-Anene-1970-Unknown.pdf	_stash-duplicates	InternationalBoundariesNigeriaFrameworkEmerge-Anene-1970-Unknown.pdf	duplicate of african-history/NigeriaInternationalBoundaries-Anene-1970-Longman.pdf (loser-publisher=Unknown)
rename-pub	territorial-disputes	KosovoShortHistory-Malcolm-1998-NYUPress.pdf	territorial-disputes	KosovoShortHistory-Malcolm-1998-NYU.pdf	publisher slug NYUPress -> NYU
stash-dupe	territorial-disputes	KosovoWarRevenge-Judah-2002-YaleUP-v2.pdf	_stash-duplicates	KosovoWarRevenge-Judah-2002-YaleUP-v2.pdf	duplicate of territorial-disputes/KosovoWarRevenge-Judah-2002-YaleUP.pdf (-v2 suffix)
rename-pub	territorial-disputes	QuestionBoundariesVenezuelaBritishGuiana-UnitedNations-1962-UnitedNations.pdf	territorial-disputes	QuestionBoundariesVenezuelaBritishGuiana-UnitedNations-1962-UN.pdf	publisher slug UnitedNations -> UN
rename-pub	territorial-disputes	QuestionBoundariesVenezuelaBritishGuiana-Venezuela-1962-UnitedNations.pdf	territorial-disputes	QuestionBoundariesVenezuelaBritishGuiana-Venezuela-1962-UN.pdf	publisher slug UnitedNations -> UN
rename-pub	territorial-disputes	ReportSpecialCommitteeSituationImplementationDecla-Esfandiary-1967-UnitedNations.pdf	territorial-disputes	ReportSpecialCommitteeSituationImplementationDecla-Esfandiary-1967-UN.pdf	publisher slug UnitedNations -> UN
rename-pub	territorial-disputes	SecretaryGeneralStatementOnBakassiPeninsula-BANKIMOON-2008-UnitedNations.pdf	territorial-disputes	SecretaryGeneralStatementOnBakassiPeninsula-BANKIMOON-2008-UN.pdf	publisher slug UnitedNations -> UN
stash-dupe	territorial-disputes	WhoOwnsBakassiCritiqueAngloGermanTreaties-Akak-1999-Unknown-v2.pdf	_stash-duplicates	WhoOwnsBakassiCritiqueAngloGermanTreaties-Akak-1999-Unknown-v2.pdf	duplicate of territorial-disputes/WhoOwnsBakassiCritiqueAngloGermanTreaties-Akak-1999-Unknown.pdf (-v2 suffix)
