action	conf	current_folder	new_folder	current_filename	new_filename	rationale
move	high	general-history	reference-methodology	DigestLawEvidence-Roscoe-0000-Unknown.pdf	DigestLawEvidence-Roscoe-0000-Unknown.pdf	Recognizable legal text by named author.
move	high	general-history	reference-methodology	EnglishCompositionIntroduction-Edwards-0000-Unknown.pdf	EnglishCompositionIntroduction-Edwards-0000-Unknown.pdf	Academic text by named author.
move	high	general-history	reference-methodology	NaturalRightsLaw-Tierney-0000-Emory.pdf	NaturalRightsLaw-Tierney-0000-Emory.pdf	Academic title by named author from Emory.
move	high	general-history	reference-methodology	WalterSinnottArmstrong-Sinnott-Armstrong-0000-Unknown.pdf	WalterSinnottArmstrong-Sinnott-Armstrong-0000-Unknown.pdf	Academic author (Walter Sinnott-Armstrong).
move	high	territorial-disputes	general-history	ConstitutionOfHonduras-Unknown-1982-Unknown.pdf	ConstitutionOfHonduras-Unknown-1982-Unknown.pdf	Primary legal document (Constitution).
move+rename	high	general-history	african-history	AcademicArticle-Unknown-2021-Cambridge-University-Press.pdf	SahelChallengesAndOpportunities-Dieng-2021-Unknown.pdf	Academic article in International Review of the Red Cross (2021), Adama Dieng author.
move+rename	high	general-history	african-history	CurrencyDevaluationSourceGrowth-Bouvet-0000-Springer.pdf	CurrencyDevaluationSourceGrowthAfrica-Bouvet-2022-Springer.pdf	Academic article in Eastern Economic Journal (2022) by Florence Bouvet, published by Springer.
move+rename	high	general-history	african-history	FranceCommonDenominatorBehindAfricasCoup-Unknown-2023-Unknown.pdf	FranceCommonDenominatorBehindAfricasCoup-Usman-2023-LSE.pdf	Academic article from LSE blog, 'Africa at LSE', discusses coups in Africa, 2023.
move+rename	high	general-history	african-history	FrenchMilitaryIntervention-Unknown-2014-Unknown.pdf	FrenchMilitaryInterventionRwanda-Unknown-2014-FondationPierreDuBois.pdf	Article on French military intervention in Africa, specifically Rwanda, published by Fondation Pierre du Bois in 2014.
move+rename	high	general-history	middle-east-history	HarlotsOfHadramaut-Unknown-1942-Unknown.pdf	SoCalledHarlotsOfHadramaut-Beeston-1942-Unknown.pdf	Academic article 'The So-called Harlots of Hadramaut' by A. F. L. Beeston, references Edition Haidarabad 1942.
move+rename	high	general-history	colonialism-slavery	HispanicAmericanHistoricalReview-Unknown-2015-DukeUP.pdf	BlackLegendRevisitedAssumptionsAndRealities-Keen-1969-DukeUP.pdf	Academic article in Hispanic American Historical Review (1969) by Benjamin Keen, published by Duke University Press.
move+rename	medium	general-history	reference-methodology	HistoriansIndividualAgency-Berber-0000-Unknown.pdf	HistoriansIndividualAgency-Bevernage-0000-Unknown.pdf	Reader for a theoretical history course, lists Prof. Dr. Berber Bevernage as 'Vakgroep Geschiedenis'.
move+rename	medium	general-history	african-history	IntroductionToTheBerbersOfTheMaghrib-Unknown-0000-Unknown.pdf	IntroductionToBerbersOfTheMaghrib-Unknown-0000-Unknown.pdf	Book chapter 'Introduction To The Berbers Of The Maghrib', discusses historical naming and identity of Berbers.
move+rename	high	general-history	colonialism-slavery	JournalOfEconomicHistory-Unknown-2021-CambridgeUP.pdf	ColonialMitaCausePopulationCollapsePeru-Carpio-2021-CambridgeUniversityPress.pdf	Academic article in The Journal of Economic History (2021) by Miguel Angel Carpio.
move+rename	high	general-history	middle-east-history	KillingOrders-Genocide-0000-Unknown.pdf	KillingOrdersTalatPashaArmenianGenocide-Akcam-0000-Palgrave.pdf	OCR: 'Killing Orders: Talat Pasha's Telegrams and the Armenian Genocide' by Taner Akcam, Palgrave Studies in the History of Genocide
move+rename	high	general-history	colonialism-slavery	MiscellaneousWorksRemains-Hall-0000-Unknown.pdf	BodyConquistadorFoodRaceSpanishAmerica14921700-Earle-0000-CUP.pdf	OCR: 'The Body of the Conquistador: Food, Race and the Colonial Experience in Spanish America, 1492-1700' by Rebecca Earle, Cambridge Critical Perspectives on Empire. Filename was completely wrong (MiscellaneousWorksRemains-Hall).
move+rename	high	general-history	territorial-disputes	MoroccanKingSahara-Unknown-2025-Unknown.pdf	MoroccanKingWantsWesternSaharaWithoutPeople-Hernandez-2025-TaylorFrancisGroup.pdf	Academic article in Settler Colonial Studies (2025) by M. Padrón Hernández.
move+rename	high	general-history	territorial-disputes	PavinDOI-Chachavalpongpun-0000-Unknown.pdf	ThaiCambodianConflictFailureASEANDSR-Chachavalpongpun-2013-InstitutePeaceUnificationStudies.pdf	Academic article in Asian Journal of Peacebuilding (2013) by Pavin Chachavalpongpun.
move+rename	high	general-history	territorial-disputes	PreahVihearConflictGuide-Kasetsiri-0000-Unknown.pdf	GuideThaiCambodianConflictSolutions-Kasetsiri-0000-WhiteLotus.pdf	Book 'A Guide to the Thai-Cambodian Conflict and Its Solutions' by Charnvit Kasetsiri et al.
move+rename	high	general-history	colonialism-slavery	RecopilaciNDeLeyesDeLosReinosDeLasIndias-Unknown-1681-ImprentaLibreriaCarretas.pdf	RecopilacionLeyesReinosIndias-Unknown-1681-ImprentaLibreriaCarretas.pdf	Historical legal compilation 'Recopilacion De Leyes De Los Reinos De Las Indias', Imprenta Y Libreria De J. A. Carretas, 1681 edition mentioned.
move+rename	high	general-history	territorial-disputes	RevistaCubanaDeDerecho-Unknown-1993-Unknown.pdf	ICJJurisdictionArbitralAwardGuyanaVenezuela-Triana-2023-RevistaCubanaDeDerecho.pdf	Academic article in Revista Cubana de Derecho (2023) by Harold Bertot Triana, on ICJ ruling re: Guyana/Venezuela.
move+rename	high	general-history	territorial-disputes	TropicalConservationScience-Unknown-2009-SAGEPub.pdf	BelizeGuatemalaTerritorialDisputeConservation-Perez-2009-SAGEPub.pdf	Academic article in Tropical Conservation Science (2009) by Arlenie Perez et al., published by SAGE Publishing.
move+rename	medium	general-history	crusades-christianity	TrueReligionNikolaj-Unknown-0000-Unknown.pdf	OutbreakReformationScandinavia-Unknown-0000-Unknown.pdf	OCR: Chapter II 'Outbreak of the Reformation in Scandinavia' from a Christianity/Reformation history work.
move+rename	medium	general-history	colonialism-slavery	Unknown-Unknown-0000-Unknown.pdf	MissionToCivilize-Conklin-0000-Unknown.pdf	OCR title-page: 'A Mission to Civilize'. Likely Alice Conklin's 'A Mission to Civilize: The Republican Idea of Empire in France and West Africa, 1895-1930' (Stanford UP, 1997). Page 1 was just the title.
move+rename	high	general-history	territorial-disputes	Unknown-Unknown-1949-Unknown.pdf	QuestionBoundariesVenezuelaBritishGuiana-UnitedNations-1962-UnitedNations.pdf	Official UN record from 1962, Special Political Committee meeting, regarding Venezuela/British Guiana boundary.
move+rename	high	general-history	territorial-disputes	Unknown-Unknown-1962-Unknown.pdf	QuestionBoundariesVenezuelaBritishGuiana-Venezuela-1962-UnitedNations.pdf	Official UN document from 1962, Venezuela's request for item inclusion in General Assembly agenda regarding boundaries.
move+rename	high	general-history	territorial-disputes	Unknown-Unknown-1967-Unknown.pdf	ReportSpecialCommitteeSituationImplementationDecla-Esfandiary-1967-UnitedNations.pdf	Official UN report (1967) by Mr. Mohsen S. Esfandiary on decolonization, includes Falkland Islands.
move+rename	high	general-history	african-history	Unknown-Unknown-2024-Springer.pdf	CoupvolutionMechanismRegimeChangeSahel-Fain-2024-Springer.pdf	Academic chapter 'Coupvolution as a Mechanism of Regime Change in the Sahel' by Egor Fain et al., published by Springer, April 2024.
move+rename	high	general-history	african-history	Unknown-Unknown-2024-Unknown.pdf	AfricanDiasporaDiscourse-Unknown-2024-InstituteAfricanDiasporaStudies.pdf	Academic journal 'The African - Diaspora Discourse', published by Institute of African and Diaspora Studies, 2024.
move+rename	high	general-history	middle-east-history	UnknownTitle-McMahon-0000-Unknown.pdf	McMahonHusseinCorrespondence-McMahon-1915-Wikisource.pdf	Historical document 'McMahon–Hussein Correspondence' (1915-1916), exported from Wikisource.
move+rename	high	general-history	territorial-disputes	WesternSaharaAsASettlerColony-Unknown-2025-Unknown.pdf	WesternSaharaAsSettlerColony-Hernandez-2025-TaylorFrancisGroup.pdf	Academic article in Settler Colonial Studies (2025) by M. Padrón Hernández.
move+rename	high	general-history	african-history	WordSourDocument-Unknown-2024-Unknown.pdf	FrenchInterventionismSahelFlawedStrategy-Sour-2024-PrzegladGeopolityczny.pdf	Academic article 'French interventionism in the Sahel: a flawed strategy, imperfect geopolitics' by Lofti Sour, 2024.
move+rename	high	territorial-disputes	general-history	PartitionOfBritishIndia-Unknown-1947-TheNationalArchives.pdf	PartitionBritishIndia-Unknown-1947-TheNationalArchives.pdf	Educational resource from The National Archives, discussing the Partition of British India, mentions 1947.
noop	high	general-history	general-history	DiseaseReadBones-Ibanez-0000-Unknown.pdf	DiseaseReadBones-Ibanez-0000-Unknown.pdf	Academic title by named author.
noop	high	general-history	general-history	HistoryAndCultureOfTheAngloSaxonWorld-GRAHAMGOERING-0000-Unknown.pdf	HistoryAndCultureOfTheAngloSaxonWorld-GRAHAMGOERING-0000-Unknown.pdf	Academic title by named author.
noop	high	general-history	general-history	JournalOfLatinAmericanStudies-Unknown-0000-CambridgeUP.pdf	JournalOfLatinAmericanStudies-Unknown-0000-CambridgeUP.pdf	Academic journal from CambridgeUP.
noop	high	general-history	general-history	JournalOfMedievalStudies-Unknown-2015-Unknown.pdf	JournalOfMedievalStudies-Unknown-2015-Unknown.pdf	Academic journal.
noop	high	general-history	general-history	OrdonnanceAllemande-Unknown-1940-Unknown.pdf	OrdonnanceAllemande-Unknown-1940-Unknown.pdf	Historical primary document (German ordinance from 1940).
noop	high	general-history	general-history	RaceAmericanPoliticalScience-Blatt-0000-Unknown.pdf	RaceAmericanPoliticalScience-Blatt-0000-Unknown.pdf	Academic title by named author.
noop	high	general-history	general-history	Speech-Macron-0000-Unknown.pdf	Speech-Macron-0000-Unknown.pdf	Primary source (Macron speech).
noop	high	general-history	general-history	StatistickiGodisnjak-Unknown-1939-Unknown.pdf	StatistickiGodisnjak-Unknown-1939-Unknown.pdf	Yugoslavian government report 'Statisticki Godisnjak' listing financial data from 1939-1940.
noop	high	general-history	general-history	VikingsLagerthaRagnar-Tsoumbakos-0000-Unknown.pdf	VikingsLagerthaRagnar-Tsoumbakos-0000-Unknown.pdf	Academic topic by named author.
noop	medium	general-history	general-history	WarriorWomen-Unknown-0000-Unknown.pdf	WarriorWomen-Unknown-0000-Unknown.pdf	Academic topic, but empty file. Cannot ID further without content.
noop	medium	general-history	general-history	WarriorWomenArchaeologists-Behan-0000-Unknown.pdf	WarriorWomenArchaeologists-Behan-0000-Unknown.pdf	Book on 'Warrior Women' by Jeannine Davis-Kimball, discusses archaeological findings.
noop	high	middle-east-history	middle-east-history	CyprusOttomansKissingerChristopherHitche-History-0000-Unknown.pdf	CyprusOttomansKissingerChristopherHitche-History-0000-Unknown.pdf	Specific historical/geopolitical topic.
noop	high	middle-east-history	middle-east-history	SykesPicotAgreementFODocuments-Unknown-1916-Unknown.pdf	SykesPicotAgreementFODocuments-Unknown-1916-Unknown.pdf	Primary document (Sykes-Picot Agreement).
noop	high	territorial-disputes	territorial-disputes	Bakassi-Unknown-0000-Unknown.pdf	Bakassi-Unknown-0000-Unknown.pdf	Specific territorial dispute (Bakassi).
noop	high	territorial-disputes	territorial-disputes	LetterSapodillaCayesBelizeDispute-Unknown-1913-Unknown.pdf	LetterSapodillaCayesBelizeDispute-Unknown-1913-Unknown.pdf	Primary document on a specific territorial dispute.
rename	high	african-history	african-history	Unknown-Unknown-0000-Unknown.pdf	BulletinOfficielEtatIndependantCongo-GallicaBnF-1892-GallicaBnF.pdf	Source gallica.bnf.fr / Ministère des Affaires étrangères Bulletin officiel de l'État indépendant du Congo. 1892-01-01.
rename	medium	colonialism-slavery	colonialism-slavery	ImaginationAidedByThePainterSBrushTheSchaghen-Unknown-1626-Unknown.pdf	ImaginationAidedByThePaintersBrush-Unknown-0000-GothamCenter.pdf	From GothamCenter.org blog, but author/year not in snippet.
rename	high	colonialism-slavery	colonialism-slavery	LandPapers-Unknown-1980-Unknown.pdf	NewYorkHistoricalManuscriptsDutchLandPapers-Gehring-1980-HollandSocietyNY.pdf	Page 1 names 'Charles T. Gehring, The Holland Society of New York, Genealogical Publishing Co., Inc. 1980'
rename	medium	colonialism-slavery	colonialism-slavery	NotesManhattanPurchase-Unknown-2026-Unknown.pdf	NotesManhattanPurchase-Unknown-0000-GothamCenter.pdf	From GothamCenter.org blog, but author/year not in snippet.
rename	high	colonialism-slavery	colonialism-slavery	Treaty-Unknown-2026-Unknown.pdf	TreatyOfTordesillas-Unknown-1494-AvalonProject.pdf	Primary document: Treaty between Spain and Portugal, 1494, from Avalon Project.
rename	high	colonialism-slavery	colonialism-slavery	TreatyOfTordesillasAndTheOriginsOfSlavery-Unknown-2023-Unknown.pdf	TordesillasSlaveryAndBrazilianInequality-Laudares-2023-Unknown.pdf	Academic article, authors Laudares & Caicedo, published January 6, 2023. Explicitly states topic.
rename	medium	colonialism-slavery	colonialism-slavery	UncoveringInvisible-Unknown-2026-Unknown.pdf	UncoveringInvisibleDoctrineDiscovery-Unknown-0000-DoctrineOfDiscoveryorg.pdf	Online article from doctrineofdiscovery.org, discusses academic concepts. Author and year not specified.
rename	medium	general-history	general-history	AcademicArticle-Unknown-2011-Cambridge-University-Press.pdf	InfantAndChildBurialRitesRomanBritain-Millett-2015-CambridgeUniversityPress.pdf	Academic article in Britannia, lists year as 2015, Millett first author.
rename	high	general-history	general-history	AcademicArticle-Unknown-2017-Cambridge-University-Press.pdf	VikingWarriorWomenReassessingBirkaGrave-Price-2019-CambridgeUniversityPress.pdf	Academic article from Antiquity Publications Ltd, published by Cambridge University Press, 2019.
rename	high	general-history	general-history	AcademicArticle-Unknown-2023-Cambridge-University-Press.pdf	GeoPACHALargeScaleImagerySurveyArchaeology-Wernke-2023-CambridgeUniversityPress.pdf	Academic article in Antiquity, published by Cambridge University Press, 2023. Steven Wernke first author.
rename	high	general-history	general-history	AmericanJewishHistory-Unknown-2015-JohnsHopkinsUP.pdf	AmericanCareerProtocolsEldersOfZion-Singerman-1981-JohnsHopkinsUP.pdf	Academic article in American Jewish History (1981) from Johns Hopkins University Press.
rename	high	general-history	general-history	AncientReligionAndArchaeology-Unknown-2003-Unknown.pdf	ArchaeologyOfAncientReligionEasternWoodlands-Brown-2003-Unknown.pdf	Academic article from Researchgate, mentions 'Annual Review of Anthropology · November 2003'.
rename	medium	general-history	general-history	AnnualReportDocumentsNewYorkInstitution-Dumb-0000-Unknown.pdf	LostTerritories-Chandler-0000-Unknown.pdf	Book title 'The Lost Territories', editors David Chandler and Rita Smith Kipp mentioned.
rename	high	general-history	general-history	Article-Unknown-2013-Unknown.pdf	PhilosophyHeracletusToday-Baloyannis-2013-ResearchGate.pdf	Academic article from ResearchGate, 'Article · March 2013'.
rename	medium	general-history	general-history	BalkanStrategyOfTheEntenteAndTheCentralPowers-Unknown-1974-Unknown.pdf	BalkanStrategyEntenteCentralPowers-Holland-1974-CambridgeUniversityPress.pdf	Review of a book related to Balkan strategy, published by Cambridge University Press. Review is from 1974.
rename	medium	general-history	general-history	Calendar-Unknown-2025-Unknown.pdf	ChronographyOf354ADCalendarOfPhilocalus-Unknown-0000-Tertullianorg.pdf	Historical document 'The Chronography of 354 AD. Part 6: the calendar of Philocalus.' from Tertullian.org, year is for original.
rename	high	general-history	general-history	ChiracSSpeech-Unknown-1942-Unknown.pdf	SpeechPresidentJacquesChirac-Chirac-1995-Unknown.pdf	Speech by President Jacques Chirac on July 16, 1995, regarding Vel d’Hiv roundup.
rename	medium	general-history	general-history	ChristianHistoryReality-Unknown-2000-Unknown.pdf	TriumphalismVsRealityChristianHistory-Unknown-2000-Unknown.pdf	Essay discussing Christian history, mentions 'academic notes' and 'scholars'. Year estimated from context.
rename	medium	general-history	general-history	CodexTellerianoRemensisVol-DKM-0000-Unknown.pdf	MexicanManuscriptCodexTellerianoRemensis-Unknown-0000-Unknown.pdf	Historical manuscript 'Codex Telleriano-Remensis', translated from Russian edition dated Kyev 2011. Original year 0000.
rename	high	general-history	general-history	ContemporaryFarRightCulture-ARGENTINO-0000-Unknown.pdf	ContemporaryFarRightCulture-Argentino-0000-Unknown.pdf	Edited collection 'Contemporary Far-Right Culture' with Marc-André Argentino listed as co-editor/author.
rename	medium	general-history	general-history	Edited-Marichal-0000-Unknown.pdf	ColoursCommoditiesBirthGlobalization-Marichal-0000-Unknown.pdf	Edited book 'Colours, Commodities and the Birth of Globalization', Carlos Marichal co-editor.
rename	high	general-history	general-history	GenderRepresentationEvil-Fallwell-0000-Unknown.pdf	GenderRepresentationOfEvil-Fallwell-0000-Routledge.pdf	Edited collection 'Gender and the Representation of Evil', Lynne Fallwell co-editor, published by Routledge.
rename	high	general-history	general-history	GenomicHistoryMedievalEurope-Speidel-0000-Springer.pdf	HighResolutionGenomicHistoryMedievalEurope-Speidel-2025-Nature.pdf	Academic article in 'Nature', Vol 637, January 2025. Leo Speidel first author.
rename	medium	general-history	general-history	GorbachevEraWarsAndCrises-Unknown-1959-Unknown.pdf	GorbachevEraWarsAndCrises-Golan-0000-Unknown.pdf	Book 'Gorbachev Era Wars And Crises' by Galia Golan, discusses Soviet policies in Middle East.
rename	high	general-history	general-history	Hageprot-Unknown-2008-Harvard-University-Press.pdf	ProtocolsEldersOfZionBetweenHistoryFiction-Hagemeister-2008-NewGermanCritique.pdf	Academic article in New German Critique (2008), Michael Hagemeister author.
rename	high	general-history	general-history	HateSpeechRegulationResponses-Herz-0000-European-Court-of-Human-Rights.pdf	ContentAndContextHateSpeech-Herz-0000-CambridgeUniversityPress.pdf	Edited book 'The Content and Context of Hate Speech', Michael Herz co-editor, published by Cambridge University Press.
rename	high	general-history	general-history	HistoricalImage-Kotoulas-0000-Unknown.pdf	BattleThermopylaeHistoricalPicture-Kotoulas-0000-GeodinamicaActa.pdf	OCR: 'The historical picture of the Battle of Thermopylae: The eternal example of heroism', Iordanidou & Kotoulas
rename	high	general-history	general-history	Ijmes-Unknown-1905-CambridgeUP.pdf	ProtocolsEldersOfZionInJewishPress-Katz-2025-Brill.pdf	Academic article in IMAGES, published by Brill, discusses Protocols of the Elders of Zion. Copyright 2024, online 2025.
rename	high	general-history	general-history	InternationalPolicyStudies-Anttiroiko-0000-Unknown.pdf	ParadoxesIdentityPoliticsGenderMainstreaming-Anttiroiko-2019-KoreanAssociationOfPolicyStudies.pdf	Academic article in International Journal of Policy Studies (2019) by Ari-Veikko Anttiroiko.
rename	high	general-history	general-history	JODEFDocument-Unknown-1941-Unknown.pdf	LoiStatutDesJuifs-Unknown-1941-JournalOfficielEtatFrancais.pdf	Official government document 'Loi du 2 juin 1941 remplaçant la loi du 3 octobre 1940 portant statut des juifs'.
rename	high	general-history	general-history	JORFDocument-Unknown-1940-Unknown.pdf	JournalOfficielRepubliqueFrancaise-Unknown-1940-JournalOfficielRepubliqueFrancaise.pdf	Official government document 'Journal Officiel de la République Française', August 1940.
rename	high	general-history	general-history	KMBTC364Document-Unknown-2013-Unknown.pdf	WalkingNordicPerformingSpacePlaceIdentity-sterlund-Ptzsch-2013-ResearchGate.pdf	Academic article 'Walking nordic: Performing space, place and identity' from ResearchGate (2013).
rename	high	general-history	general-history	LRWilliams-Hudson-0000-Unknown.pdf	AnimatingChristineDePizan-Williams-0000-LINGUAROMANA.pdf	Academic article 'Animating Christine de Pizan' by Shelley Williams in LINGUA ROMANA.
rename	high	general-history	general-history	LawStatusJewsEnglishTranslation-Unknown-1940-Unknown.pdf	LawOfOctober31940ConcerningStatusOfJews-Unknown-1940-JournalOfficielRepubliqueFrancaise.pdf	Translation of official French law 'Loi du 3 octobre 1940 portant statut des Juifs'.
rename	high	general-history	general-history	LoiPortantStatutDesJuifs-Unknown-1940-Unknown.pdf	LoiPortantStatutDesJuifs-Unknown-1940-ImprimerieJournauxOfficiels.pdf	Official French law 'Loi du 3 octobre 1940 portant statut des Juifs'.
rename	high	general-history	general-history	LoiStatutJuifsDraft-Unknown-1940-Legifrance.pdf	LoiPortantStatutDesJuifsDraft-Unknown-1940-Legifrance.pdf	Draft of official French law 'Loi du 3 octobre 1940 portant statut des Juifs'.
rename	high	general-history	general-history	MenWomenAndPower-Unknown-2015-Unknown.pdf	MenWomenAndPowerSpeculum-Unknown-1993-Speculum-MedAcadAmerica.pdf	OCR: SPECULUM Journal of Medieval Studies Vol 68 April 1993 No 2 OFFPRINT, Medieval Academy of America
rename	high	general-history	general-history	MexicanManuscript-Festivals-0000-Unknown.pdf	MexicanManuscriptCodexTellerianoRemensis-Skromnitsky-2011-BlokNOT.pdf	Edited historical manuscript 'Codex Telleriano-Remensis', translated and published in 2011.
rename	medium	general-history	general-history	NationalHistoryNewNationalism-May-0000-Unknown.pdf	NationalHistoryNewNationalismTwentyFirstCentury-May-0000-Unknown.pdf	Book 'National History and New Nationalism in the Twenty-First Century', Niels F. May is Research Coordinator.
rename	high	general-history	general-history	Nwig-Unknown-2025-Brill.pdf	GoverningMayaCommunitiesAndLandsInBelize-Medina-2025-Brill.pdf	Book review from New West Indian Guide (2025) of Laurie Kroshus Medina's work, published by Brill.
rename	high	general-history	general-history	OXMOFinal-UnicafPC-0000-Unknown.pdf	WhatWeKnewWasLostOralHistoryGreekCypriot-Peristianis-2019-ResearchGate.pdf	Academic article 'What we Knew was Lost' from ResearchGate, author Christakis Peristianis, August 2019.
rename	high	general-history	general-history	OxfordMedievalTexts-Danorum-0000-Oxford-University-Press.pdf	SaxoGrammaticusGestaDanorum-Saxo-0000-OxfordUniversityPress.pdf	Book 'Saxo Grammaticus Gesta Danorum' published by Oxford University Press, author is Saxo.
rename	high	general-history	general-history	PalaeogeographicalReconstruction-Unknown-2014-Unknown.pdf	PalaeogeographicalReconstructionThermopylae-Kraft-2018-GeodinamicaActa.pdf	OCR: 'Palaeogeographical reconstruction of the battle terrain in Ancient Thermopylae, Greece' Kraft, Rapp, Gifford, Rapp-Papathanassopoulou
rename	high	general-history	general-history	ProtocolsOfTheLearnedEldersOfZion-Unknown-1903-Unknown.pdf	ProtocolsOfTheLearnedEldersOfZion-Hagemeister-1903-NewGermanCritique.pdf	Academic article in New German Critique discusses 'Protocols of the Elders of Zion', referencing 1903 edition.
rename	high	general-history	general-history	ReportOfTheSuperintendentOfPublicInstruction-Unknown-2025-Brill.pdf	GoverningMayaCommunitiesAndLandsInBelize-Medina-2025-Brill.pdf	Book review from New West Indian Guide (2025) of Laurie Kroshus Medina's work, published by Brill.
rename	high	general-history	general-history	Scandinavism-Cultural-0000-Unknown.pdf	CopenhagenQuestionTracingIntellectualRoots-Gerven-2018-ResearchGate.pdf	Academic chapter 'The Copenhagen Question of 1800. Tracing the Intellectual Roots of Cultural Scandinavism' from ResearchGate, Tim van Gerven author. Jan 2018.
rename	high	general-history	general-history	SocietyEncouragementContemporary-Art-0000-Unknown.pdf	ContemporaryFarRightCulture-Argentino-0000-Unknown.pdf	Edited collection 'Contemporary Far-Right Culture' with Marc-André Argentino listed as co-editor/author.
rename	high	general-history	general-history	TeotihuacanAndTenochtitlan-Unknown-2019-Unknown.pdf	TeotihuacanAndTenochtitlan-Lujan-2019-AncientCulturesInstitute.pdf	Academic article in The PARI Journal (2019) by López Luján.
rename	high	general-history	general-history	TruthProtocols-Graves-0000-Unknown.pdf	TruthAboutProtocols-Graves-1921-TheTimes.pdf	Newspaper article 'The Truth About Protocols' from The Times (1921), by Philip Graves.
rename	high	general-history	general-history	UnidentifiableDocument-Unknown-0000-Unknown.pdf	HebrewBibleCriticalCompanion-Barton-0000-Princeton.pdf	OCR: 'The Hebrew Bible: A Critical Companion' edited by John Barton, Princeton UP.
rename	high	general-history	general-history	Unknown-Unknown-1933-brill.pdf	BelievingInnerTruthProtocolsNaziPropaganda-Bytwerk-2015-HolocaustGenocideStudies.pdf	Academic article in Holocaust and Genocide Studies (2015) by Randall L. Bytwerk.
rename	high	general-history	general-history	Unknown-Unknown-1940-Unknown.pdf	AnnotatedDraftLawOctober31940-Unknown-1940-MemorialDeLaShoah.pdf	Annotated draft of the French 'Law of October 3, 1940' concerning Jews, from Mémorial de la Shoah.
rename	high	general-history	general-history	Unknown-Unknown-1965-Unknown.pdf	PasteOverIllustrationsDuranCodexMadrid-Robertson-1965-TulaneUniversity.pdf	Academic article 'Paste-Over Illustrations in the Duran Codex of Madrid' by Donald Robertson (1965).
rename	high	general-history	general-history	Unknown-Unknown-2013-Routledge.pdf	InfanticideAndSacrificesArchaicBabies-Claassen-2013-TaylorFrancisGroup.pdf	Academic article in World Archaeology (2013) by Cheryl Claassen, published by Taylor & Francis Group.
rename	high	general-history	general-history	Unknown-Unknown-2013-Unknown.pdf	CartographicAnxietyMappingBodyPoliticIndia-Krishna-1994-SagePublications.pdf	Academic article in Alternatives: Global, Local, Political (1994) by Sankaran Krishna, published by Sage Publications.
rename	high	general-history	general-history	Unknown-Unknown-2022-Unknown.pdf	EinsatzgruppenOperationalSitRepUSSR17-ChiefSDBerlin-1941-RSHA-Primary.pdf	OCR: 'Operational Situation Report USSR No. 17, The Chief of the Security Police and the SD Berlin, July 7, 1941' — Einsatzgruppen primary document.
rename	high	general-history	general-history	Unknown-Unknown-2025-Unknown.pdf	HonourRhetoricSlaveryHerodotus-Cairns-2025-EdinburghUniversityPress.pdf	Book chapter 'Honour and the Rhetoric of Slavery in Herodotus' by Douglas Cairns, published by Edinburgh University Press (2025).
rename	high	general-history	general-history	UnknownDocument-Unknown-2004-Oxford-University-Press.pdf	NewHistoryWesternPhilosophyAncientPhilosophy-Kenny-2004-OxfordUniversityPress.pdf	Book 'A NEW HISTORY OF WESTERN PHILOSOPHY volume 1 Ancient Philosophy' by Anthony Kenny, published by Oxford University Press, 2004.
rename	high	general-history	general-history	UnknownDocument-Unknown-2007-Oxford.pdf	MedievalPhilosophyNewHistoryWesternPhilosophyVol2-Kenny-2007-OUP.pdf	OCR: 'Medieval Philosophy: A New History of Western Philosophy, Volume 2' by Anthony Kenny, OUP.
rename	high	general-history	general-history	UnreadableDocument-Unknown-2014-Unknown.pdf	AnalectaArchaeologicaRessoviensiaVol6FuneraryArch-Unknown-2011-UniRzeszow.pdf	OCR: 'Analecta Archaeologica Ressoviensia, Volume 6 — Funerary Archaeology', Rzeszow 2011, University of Rzeszow.
rename	high	general-history	general-history	UntitledDocument-Unknown-2014-Unknown.pdf	ReligionNordicCountriesPrivatePublic-Bckstrm-2014-TaylorFrancisGroup.pdf	Academic article in Journal of Contemporary Religion (2014) by Anders Bäckström, published by Taylor & Francis Group.
rename	high	general-history	general-history	VLInternationalConference-FCSH-0000-Unknown.pdf	EverydayLifeMedievalUrbanEurope-Unknown-0000-FCSH.pdf	Call for papers for 'VI International Conference of the Middle Ages' on 'Everyday Life in Medieval Urban Europe'.
rename	high	general-history	general-history	VojnuciDefter-Unknown-1455-Unknown.pdf	VojnuciDefter1455SancaksKrusevacVucitrnPrizren-Katic-0000-InstituteHistoryBelgrade.pdf	Historical document 'Vojnuci Defter' from 1455, edited by Tatjana Katić, published by Institute of History Belgrade. Year is for original.
rename	high	general-history	general-history	VojnuciDefter1455-Unknown-2020-Unknown.pdf	VojnuciDefter1455-Katic-2020-InstituteHistoryBelgrade.pdf	Edited historical document 'Vojnuci Defter' from 1455, edited by Tatjana Katić, published by Institute of History Belgrade in 2020.
rename	high	general-history	general-history	WhatWeKnewAndWhatWeLost-Unknown-2019-Unknown.pdf	WhatWeKnewWasLostOralHistoryGreekCypriot-Peristianis-2019-ResearchGate.pdf	Academic article 'What we Knew was Lost' from ResearchGate, author Christakis Peristianis, August 2019.
rename	high	general-history	general-history	WorldHistory-Unknown-2010-Unknown.pdf	EnergyInWorldHistory-Smil-1994-Westview.pdf	OCR: 'Energy in World History' by Vaclav Smil, University of Manitoba, Westview/Perseus Books Group, 1994.
rename	high	middle-east-history	middle-east-history	HeraclitusIran-Unknown-2019-University-of-Chicago-Press.pdf	HeraclitusAndIran-Duchesne-Guillemin-1963-UniversityOfChicagoPress.pdf	Academic article in History of Religions (1963) by Jacques Duchesne-Guillemin, published by University of Chicago Press.
rename	high	middle-east-history	middle-east-history	UnknownTitle-Unknown-1797-Unknown.pdf	TreatyPeaceFriendshipTripoliBarbary-Unknown-1797-Unknown.pdf	Historical document from 'EXECUTIVE JOURNAL' (1797), discusses treaty with Tripoli, Barbary.
rename	high	middle-east-history	middle-east-history	UnknownTitle-Unknown-2017-Unknown.pdf	SigloDeclaracionBalfour-Balsalobre-2017-Unknown.pdf	Academic article 'Un siglo de la Declaración Balfour' by Joaquín Mariano Pellicer Balsalobre, November 2017.
rename	high	reference-methodology	reference-methodology	WoodlandsPublication-Woodlands-0000-Unknown.pdf	ArchaeologyAncientReligionEasternWoodlands-Brown-2003-AnnualReviewOfAnthropology.pdf	Academic article in Annual Review of Anthropology (2003) by James A. Brown. This is a standalone reference work.
rename	high	territorial-disputes	territorial-disputes	CRdobaAgreement-Unknown-2006-Unknown.pdf	CordobaAgreement-Unknown-2006-Unknown.pdf	Official agreement 'Agreement announced In Cordoba September 2006' regarding Gibraltar.
rename	high	territorial-disputes	territorial-disputes	GazettePhilisiphins-PhilippinesGov-0000-PhilippinesGov.pdf	GrantLeaseSultanSuluBritain-PhilippinesGov-1968-OfficialGazettegovph.pdf	Official government document from the Philippines, discussing 1878 Sulu lease. Access date is 2026.
rename	high	territorial-disputes	territorial-disputes	GuatemalasApplicationToInterveneInTheSapodill-MOITRA-0000-EJILTalk.pdf	GuatemalasApplicationInterveneSapodillaCayes-Moitra-2025-EJILTalk.pdf	Academic blog post from EJIL:Talk! (2025) by Sanmay Moitra, discussing ICJ case on Sapodilla Cayes.
rename	high	territorial-disputes	territorial-disputes	SenatePassesMaritimeZonesAct-PhilippinesGov-0000-PhilippinesGov.pdf	SenatePassesMaritimeZonesAct-Bacelonia-2024-PNAgovph.pdf	News article from Philippines government news agency PNA.gov.ph (2024), reporting on Maritime Zones Act.
rename	high	territorial-disputes	territorial-disputes	StatelessInBakassiHowAChangedBorderLeftInhabi-Unknown-2015-JusticeInitiative.pdf	StatelessInBakassiHowChangedBorder-Unknown-2015-JusticeInitiativeorg.pdf	Article from Open Society Justice Initiative (2015) discussing statelessness in Bakassi.
rename	high	territorial-disputes	territorial-disputes	UNMeetingsCoverageICJPressReleaseJudgment-UN-0000-UN.pdf	ICJJudgmentCameroonNigeriaBoundaryDispute-UnitedNations-2002-UnitedNations.pdf	Official UN press release ICJ/603 (2002), on ICJ judgment in Cameroon-Nigeria boundary dispute.
rename	high	territorial-disputes	territorial-disputes	Unknown-Unknown-1966-Unknown.pdf	PhilippineClaimNorthBorneo-Hernando-1966-KansasStateUniversity.pdf	Master's thesis 'The Philippine Claim to North Borneo' by Orlando M. Hernando, Kansas State University, 1966.
stash	high	colonialism-slavery	_stash-offtopic	SpanishColonialResearchCenter-Unknown-1991-Unknown.pdf	SpanishColonialResearchCenter-Unknown-1991-Unknown.pdf	stash: project working drafts for a documentary script.
stash	high	colonialism-slavery	_stash-offtopic	Untitled-Unknown-2026-Unknown.pdf	Untitled-Unknown-2026-Unknown.pdf	stash: Project working draft for a video on the Manhattan Purchase. Discusses video creation.
stash	high	general-history	_stash-offtopic	Ardennendagtocht-Unknown-2020-Unknown.pdf	Ardennendagtocht-Unknown-2020-Unknown.pdf	stash: travel guide/map for a day trip in Ardennes.
stash	high	general-history	_stash-offtopic	BenoitDeBecker-Becker-0000-Unknown.pdf	BenoitDeBecker-Becker-0000-Unknown.pdf	Personal/admin file (BenoitDeBecker).
stash	high	general-history	_stash-offtopic	BolComFactuur-Unknown-2019-Unknown.pdf	BolComFactuur-Unknown-2019-Unknown.pdf	stash: bol.com invoice.
stash	high	general-history	_stash-offtopic	CopyEnvironmentalOrganisationsFuture-Europe-0000-Unknown.pdf	CopyEnvironmentalOrganisationsFuture-Europe-0000-Unknown.pdf	stash: EU youth / European Solidarity Corps / cultural-mobility program docs, about advocacy.
stash	high	general-history	_stash-offtopic	DeclarationAccessUniversityBachelorProgramme-Unknown-0000-GhentUniversity.pdf	DeclarationAccessUniversityBachelorProgramme-Unknown-0000-GhentUniversity.pdf	stash: University administration paperwork (Ghent University).
stash	high	general-history	_stash-offtopic	DiscerningMerchantsPriceGuide-Labs-0000-Unknown.pdf	DiscerningMerchantsPriceGuide-Labs-0000-Unknown.pdf	stash: D&D / tabletop RPG content.
stash	high	general-history	_stash-offtopic	DrakkenheimGuide-Martin-0000-Unknown.pdf	DrakkenheimGuide-Martin-0000-Unknown.pdf	D&D/tabletop content (Drakkenheim).
stash	high	general-history	_stash-offtopic	DrempelsJeugdbewegingOostende-Kemel-0000-Unknown.pdf	DrempelsJeugdbewegingOostende-Kemel-0000-Unknown.pdf	stash: Local social work report related to youth in Ostend, Belgium.
stash	high	general-history	_stash-offtopic	DungeonsDragonsDungeonMastersGuide-Unknown-2024-AnnaArchive.pdf	DungeonsDragonsDungeonMastersGuide-Unknown-2024-AnnaArchive.pdf	D&D/tabletop content (DungeonsDragons). Empty file.
stash	low	general-history	_stash-offtopic	EnergyCertificates1MWhDeliveredNet-Brussels-0000-Unknown.pdf	EnergyCertificates1MWhDeliveredNet-Brussels-0000-Unknown.pdf	stash: Personal financial document/story about solar panel ROI in Brussels.
stash	high	general-history	_stash-offtopic	EnglishCommonEntrance-Unknown-2016-Unknown.pdf	EnglishCommonEntrance-Unknown-2016-Unknown.pdf	stash: Personal/admin docs (entrance exam instructions).
stash	high	general-history	_stash-offtopic	EuropassCV-DeBecker-0000-Unknown.pdf	EuropassCV-DeBecker-0000-Unknown.pdf	stash: Personal/admin docs (CV).
stash	high	general-history	_stash-offtopic	EuropassDocument-Unknown-2019-Unknown.pdf	EuropassDocument-Unknown-2019-Unknown.pdf	stash: Personal/admin docs (Europass document, CV-like).
stash	high	general-history	_stash-offtopic	ExploreSolidarityProjects-Unknown-2020-Unknown.pdf	ExploreSolidarityProjects-Unknown-2020-Unknown.pdf	stash: EU youth / European Solidarity Corps program docs.
stash	high	general-history	_stash-offtopic	FacultyArtsPhilosophy-Becker-0000-Unknown.pdf	FacultyArtsPhilosophy-Becker-0000-Unknown.pdf	stash: University administration paperwork (Ghent University language course attestation).
stash	high	general-history	_stash-offtopic	GeneralIntroductionESC-Unknown-2020-Unknown.pdf	GeneralIntroductionESC-Unknown-2020-Unknown.pdf	stash: EU youth / European Solidarity Corps program docs.
stash	high	general-history	_stash-offtopic	GrimHollowCampaignGuide-Unknown-0000-Unknown.pdf	GrimHollowCampaignGuide-Unknown-0000-Unknown.pdf	D&D/tabletop content (GrimHollow).
stash	high	general-history	_stash-offtopic	GrimHollowMonsterGrimoire-Games-0000-Unknown.pdf	GrimHollowMonsterGrimoire-Games-0000-Unknown.pdf	D&D/tabletop content (GrimHollow, MonsterGrimoire).
stash	high	general-history	_stash-offtopic	GrimHollowMonsterGrimoire-Unknown-0000-Unknown.pdf	GrimHollowMonsterGrimoire-Unknown-0000-Unknown.pdf	D&D/tabletop content (GrimHollow, MonsterGrimoire).
stash	high	general-history	_stash-offtopic	GrimHollowSubclassesEtharis-Becker-0000-Unknown.pdf	GrimHollowSubclassesEtharis-Becker-0000-Unknown.pdf	stash: D&D / tabletop RPG content ('Grim Hollow Subclasses').
stash	high	general-history	_stash-offtopic	GrimhollowPlayerGuide-Unknown-0000-Unknown.pdf	GrimhollowPlayerGuide-Unknown-0000-Unknown.pdf	D&D/tabletop content (Grimhollow, PlayerGuide).
stash	high	general-history	_stash-offtopic	GrimhollowSubclasses-Unknown-2025-Unknown.pdf	GrimhollowSubclasses-Unknown-2025-Unknown.pdf	stash: D&D / tabletop RPG content ('Grim Hollow Subclasses').
stash	high	general-history	_stash-offtopic	HelpdeskBeleggen-Beleggen-0000-Unknown.pdf	HelpdeskBeleggen-Beleggen-0000-Unknown.pdf	stash: Personal financial document (dividend certificate from CrelanCo).
stash	low	general-history	_stash-offtopic	HighSchoolDecidedEnrollUniversity-Found-0000-Unknown.pdf	HighSchoolDecidedEnrollUniversity-Found-0000-Unknown.pdf	stash: Personal statement/motivation letter for ESC program. Contains personal details.
stash	low	general-history	_stash-offtopic	HolsteinPapers-Holstein-0000-AnnaArchive.pdf	HolsteinPapers-Holstein-0000-AnnaArchive.pdf	stash: Unclear content, possibly a scanned document, no clear title or author.
stash	high	general-history	_stash-offtopic	HouseRulesRappan-Unknown-2014-Unknown.pdf	HouseRulesRappan-Unknown-2014-Unknown.pdf	stash: D&D / tabletop RPG content ('Rappan Athuk' house rules).
stash	high	general-history	_stash-offtopic	InfocenterBrugge-Brugge-0000-Unknown.pdf	InfocenterBrugge-Brugge-0000-Unknown.pdf	stash: Belgian municipal / regional admin docs (tax bill from Brugge).
stash	low	general-history	_stash-offtopic	IntermediateText-Fearenside-0000-Unknown.pdf	IntermediateText-Fearenside-0000-Unknown.pdf	stash: D&D / tabletop RPG content (Wildemount campaign guide).
stash	high	general-history	_stash-offtopic	JeBestellingBevatVolgendeArtikels-Becker-0000-Unknown.pdf	JeBestellingBevatVolgendeArtikels-Becker-0000-Unknown.pdf	stash: Invoices/transaction confirmations (MediaMarkt order).
stash	high	general-history	_stash-offtopic	JoinOurTeam-Lacombe-0000-Unknown.pdf	JoinOurTeam-Lacombe-0000-Unknown.pdf	stash: Personal/admin docs (recruitment flyer).
stash	high	general-history	_stash-offtopic	KlaprozenlaanDocument-Unknown-0000-Unknown.pdf	KlaprozenlaanDocument-Unknown-0000-Unknown.pdf	Belgian/EU admin (Klaprozenlaan).
stash	high	general-history	_stash-offtopic	KlaprozenlaanDocument-Unknown-2021-Unknown.pdf	KlaprozenlaanDocument-Unknown-2021-Unknown.pdf	stash: Personal/admin docs (bank statement).
stash	high	general-history	_stash-offtopic	KreativUngCulturalProject-Unknown-2020-Unknown.pdf	KreativUngCulturalProject-Unknown-2020-Unknown.pdf	stash: EU youth / European Solidarity Corps program docs.
stash	low	general-history	_stash-offtopic	MotivateReasonsPickingProject-Enjoyed-0000-Unknown.pdf	MotivateReasonsPickingProject-Enjoyed-0000-Unknown.pdf	stash: Personal statement/motivation letter for ESC program. Contains personal details.
stash	high	general-history	_stash-offtopic	OnlineTicket-Europa-0000-Unknown.pdf	OnlineTicket-Europa-0000-Unknown.pdf	stash: Personal/admin docs (train ticket).
stash	high	general-history	_stash-offtopic	Overheidsdienst-Brugge-0000-Unknown.pdf	Overheidsdienst-Brugge-0000-Unknown.pdf	Belgian/EU admin (Overheidsdienst, Brugge).
stash	high	general-history	_stash-offtopic	PraktischEngels-Engels-0000-Unknown.pdf	PraktischEngels-Engels-0000-Unknown.pdf	Language learning material, not academic history.
stash	high	general-history	_stash-offtopic	PraktischeInfoVTONVAAvondNVU-Decloedt-0000-Unknown.pdf	PraktischeInfoVTONVAAvondNVU-Decloedt-0000-Unknown.pdf	stash: University administration paperwork (Ghent University language course info).
stash	high	general-history	_stash-offtopic	ProgramOutlineMay28-Unknown-2021-Unknown.pdf	ProgramOutlineMay28-Unknown-2021-Unknown.pdf	stash: Personal/admin docs (program outline with personal contact info).
stash	high	general-history	_stash-offtopic	RappanAthuk-Unknown-2012-Unknown.pdf	RappanAthuk-Unknown-2012-Unknown.pdf	stash: D&D / tabletop RPG content ('Rappan Athuk').
stash	high	general-history	_stash-offtopic	RappanAthukHouseRules-Unknown-2014-Unknown.pdf	RappanAthukHouseRules-Unknown-2014-Unknown.pdf	stash: D&D / tabletop RPG content ('Rappan Athuk' house rules).
stash	high	general-history	_stash-offtopic	RedPinkStamps-Viola-0000-Unknown.pdf	RedPinkStamps-Viola-0000-Unknown.pdf	Philately/hobby related, not academic history.
stash	medium	general-history	_stash-offtopic	ReportOfTheAmericanColonizationSociety-Unknown-1823-Unknown.pdf	ReportOfTheAmericanColonizationSociety-Unknown-1823-Unknown.pdf	stash: Project research findings - 'NotebookLM Research - Spanish Colonization Script Additions'.
stash	high	general-history	_stash-offtopic	RimeOfTheFrostmaidenCampaignGuide-Unknown-0000-Unknown.pdf	RimeOfTheFrostmaidenCampaignGuide-Unknown-0000-Unknown.pdf	stash: D&D / tabletop RPG content ('Rime of the Frostmaiden Campaign Guide').
stash	high	general-history	_stash-offtopic	SamenvattingDeConstructieVanHetVerleden-Unknown-0000-StuDocu.pdf	SamenvattingDeConstructieVanHetVerleden-Unknown-0000-StuDocu.pdf	stash: StuDocu / student summaries ('Samenvatting De Constructie Van Het Verleden').
stash	high	general-history	_stash-offtopic	SebastianCrowesGuideDrakkenheim-Martin-0000-Unknown.pdf	SebastianCrowesGuideDrakkenheim-Martin-0000-Unknown.pdf	D&D/tabletop content (SebastianCrowe, Drakkenheim).
stash	high	general-history	_stash-offtopic	SouthamptonProjects-Unknown-1991-Unknown.pdf	SouthamptonProjects-Unknown-1991-Unknown.pdf	stash: EU project bid designer job description.
stash	high	general-history	_stash-offtopic	Studiefiche-Cultuurwetenschappen-0000-Unknown.pdf	Studiefiche-Cultuurwetenschappen-0000-Unknown.pdf	stash: University administration paperwork (Ghent University course study sheet).
stash	high	general-history	_stash-offtopic	StyleManual-Unknown-1978-Unknown.pdf	StyleManual-Unknown-1978-Unknown.pdf	stash: Personal/admin docs (style guide for transcription, not academic writing).
stash	high	general-history	_stash-offtopic	SynevoGeorgia-Georgia-0000-Unknown.pdf	SynevoGeorgia-Georgia-0000-Unknown.pdf	stash: Medical lab results (Synevo Georgia).
stash	high	general-history	_stash-offtopic	TIRLALAKSA-Unknown-2021-verso.pdf	TIRLALAKSA-Unknown-2021-verso.pdf	stash: Youth group newsletter for KSA Oostende, a local Belgian organization.
stash	high	general-history	_stash-offtopic	TerechtBijProfessorenAssistenten-Becker-0000-Unknown.pdf	TerechtBijProfessorenAssistenten-Becker-0000-Unknown.pdf	stash: University administration paperwork (Ghent University study results/feedback info).
stash	high	general-history	_stash-offtopic	Terminology-Characters-0000-Unknown.pdf	Terminology-Characters-0000-Unknown.pdf	stash: Appen company transcription/annotation style guide, not academic.
stash	high	general-history	_stash-offtopic	Theoretische-Bert-0000-Unknown.pdf	Theoretische-Bert-0000-Unknown.pdf	stash: StuDocu / student summaries ('Theoretische - Geschiedenis - Notities').
stash	high	general-history	_stash-offtopic	TheoretischeGeschiedenis-Cornelis-0000-Unknown.pdf	TheoretischeGeschiedenis-Cornelis-0000-Unknown.pdf	stash: StuDocu / student summaries ('Theoretische geschiedenis').
stash	low	general-history	_stash-offtopic	ToerismeAltijdFeest-Djame-0000-Unknown.pdf	ToerismeAltijdFeest-Djame-0000-Unknown.pdf	stash: Belgian municipal/regional admin docs - travel guide for Hotton, Ardennes.
stash	high	general-history	_stash-offtopic	TransaccionAutorizacion-Unknown-2025-Unknown.pdf	TransaccionAutorizacion-Unknown-2025-Unknown.pdf	stash: Personal/admin docs (transaction confirmation).
stash	high	general-history	_stash-offtopic	TransactionDocument-Unknown-2025-Unknown.pdf	TransactionDocument-Unknown-2025-Unknown.pdf	stash: Personal/admin docs (transaction confirmation).
stash	high	general-history	_stash-offtopic	UnidentifiableDocument-Unknown-2021-Unknown.pdf	UnidentifiableDocument-Unknown-2021-Unknown.pdf	stash: user's personal TESOL certificate dated 16/03/2021
stash	high	general-history	_stash-offtopic	Version-Mangus-0000-Unknown.pdf	Version-Mangus-0000-Unknown.pdf	stash: EU youth / European Solidarity Corps program docs (Resource Mapping Report for SALTO PI).
stash	high	general-history	_stash-offtopic	WordSyllabus-Unknown-2019-Unknown.pdf	WordSyllabus-Unknown-2019-Unknown.pdf	stash: University administration paperwork (Ghent University course syllabus).
stash	high	general-history	_stash-offtopic	Workshop-Dick-0000-Unknown.pdf	Workshop-Dick-0000-Unknown.pdf	stash: Personal/admin docs (workshop speaker list, not an academic paper).
stash	high	general-history	_stash-offtopic	YouthResearchPodcast-PASIC-0000-MOOC.pdf	YouthResearchPodcast-PASIC-0000-MOOC.pdf	stash: EU youth / European Solidarity Corps program docs (podcast transcript on youth research).
stash	high	general-history	_stash-offtopic	ZichtrekeningInvest-Unknown-2021-Unknown.pdf	ZichtrekeningInvest-Unknown-2021-Unknown.pdf	stash: Personal financial document (bank statement).
stash	high	general-history	_stash-offtopic	ZichtrekeningInvest-Unknown-2022-Unknown.pdf	ZichtrekeningInvest-Unknown-2022-Unknown.pdf	stash: Personal financial document (bank statement).
